comment_id,sentiment_pred,sarcasm_pred,sentiment_proba_neg,sentiment_proba_neu,sentiment_proba_pos,sarcasm_proba_sarcastic,final_interpretation,sentiment_score,sarcasm_score,confidence_max,neutrality_bias,margin
ncwd5yg,LABEL_1,sarcastic,0.0015985362,0.99451846,0.003883045,0.9369509,neutral (sarcastic unclear),0.0022845087999999996,0.9369509,0.99451846,0.99451846,0.990635415
ncwfqwp,LABEL_1,not sarcastic,0.0030767112,0.993582,0.0033412583,0.0011704264,neutral,0.0002645471,0.0011704264,0.993582,0.993582,0.9902407417
ncwxipu,LABEL_1,not sarcastic,0.042729016,0.9476532,0.0096178735,0.0008150413,positive,-0.0331111425,0.0008150413,0.9476532,0.9476532,0.904924184
ncwe5rw,LABEL_0,not sarcastic,0.90524817,0.083156995,0.011594775,0.0029227508,positive,-0.8936533950000001,0.0029227508,0.90524817,0.083156995,0.8220911750000001
ncwinvy,LABEL_1,not sarcastic,0.0016284625,0.9933269,0.005044681,0.0016420409,neutral,0.0034162184999999997,0.0016420409,0.9933269,0.9933269,0.988282219
ncwk0j8,LABEL_1,not sarcastic,0.0024009242,0.99191976,0.00567936,0.0083272755,neutral,0.0032784357999999995,0.0083272755,0.99191976,0.99191976,0.9862404
ncwmc8w,LABEL_1,not sarcastic,0.08070151,0.9026225,0.016675983,0.0015136313,negative,-0.064025527,0.0015136313,0.9026225,0.9026225,0.82192099
ncgo7t6,LABEL_1,sarcastic,0.0014343812,0.9946483,0.003917394,0.9345272,neutral (sarcastic unclear),0.0024830128,0.9345272,0.9946483,0.9946483,0.990730906
ncgpbku,LABEL_1,not sarcastic,0.002581583,0.9941327,0.0032857305,0.00087022356,neutral,0.0007041474999999998,0.00087022356,0.9941327,0.9941327,0.9908469695
ncgrgym,LABEL_1,not sarcastic,0.0016813613,0.9943698,0.0039488357,0.00078326295,neutral,0.0022674744000000004,0.00078326295,0.9943698,0.9943698,0.9904209642999999
ncgvzdb,LABEL_1,not sarcastic,0.0010474306,0.9963491,0.0026033528,0.00064501946,neutral,0.0015559222,0.00064501946,0.9963491,0.9963491,0.9937457472
ncgpyq8,LABEL_1,not sarcastic,0.07546509,0.91667706,0.007857843,0.0013378973,neutral (sarcastic unclear),-0.067607247,0.0013378973,0.91667706,0.91667706,0.84121197
ncgxk15,LABEL_1,not sarcastic,0.06301813,0.9264771,0.010504729,0.0010251118,neutral,-0.052513401,0.0010251118,0.9264771,0.9264771,0.86345897
nch6x1c,LABEL_1,not sarcastic,0.10791947,0.8419707,0.050109737,0.0012876678,positive,-0.057809733,0.0012876678,0.8419707,0.8419707,0.7340512299999999
ncgrcbm,LABEL_1,not sarcastic,0.0016805253,0.9938526,0.004466902,0.0010168671,neutral,0.0027863767,0.0010168671,0.9938526,0.9938526,0.989385698
nc8lzjb,LABEL_1,sarcastic,0.002742789,0.8534857,0.14377145,0.98724246,neutral (sarcastic unclear),0.141028661,0.98724246,0.8534857,0.8534857,0.70971425
nc8ndtx,LABEL_1,not sarcastic,0.0027195297,0.9909355,0.0063448963,0.007186031,neutral,0.0036253666,0.007186031,0.9909355,0.9909355,0.9845906037
nc8n74i,LABEL_1,not sarcastic,0.0032507433,0.9841441,0.012605101,0.0071694655,neutral,0.0093543577,0.0071694655,0.9841441,0.9841441,0.971538999
nc8mqp8,LABEL_1,not sarcastic,0.035333674,0.89452153,0.070144735,0.012778519,neutral,0.034811061,0.012778519,0.89452153,0.89452153,0.824376795
nc8mm3b,LABEL_1,not sarcastic,0.0035012197,0.9914112,0.0050875666,0.029983152,neutral,0.0015863469,0.029983152,0.9914112,0.9914112,0.9863236334000001
nc8mtp3,LABEL_1,not sarcastic,0.16871047,0.74649596,0.0847936,0.0024760196,neutral,-0.08391687,0.0024760196,0.74649596,0.74649596,0.5777854899999999
nc8q95o,LABEL_0,not sarcastic,0.92340815,0.0694106,0.0071812295,0.0011153022,negative,-0.9162269205,0.0011153022,0.92340815,0.0694106,0.85399755
nbdttjj,LABEL_1,sarcastic,0.0015228001,0.99437684,0.0041003963,0.95213336,neutral (sarcastic unclear),0.0025775961999999998,0.95213336,0.99437684,0.99437684,0.9902764437
nbdv6dn,LABEL_1,not sarcastic,0.003582587,0.98413867,0.012278742,0.018746264,neutral,0.008696155,0.018746264,0.98413867,0.98413867,0.971859928
nbdxbde,LABEL_0,not sarcastic,0.97194844,0.02253298,0.0055185934,0.0046663894,neutral,-0.9664298466,0.0046663894,0.97194844,0.02253298,0.94941546
nbeufd0,LABEL_1,not sarcastic,0.0010965642,0.9957569,0.0031464393,0.0008856251,neutral,0.0020498751,0.0008856251,0.9957569,0.9957569,0.9926104606999999
nbdvfl5,LABEL_1,not sarcastic,0.009052313,0.6574202,0.3335275,0.001593617,neutral,0.324475187,0.001593617,0.6574202,0.6574202,0.32389270000000003
nbelqq4,LABEL_0,sarcastic,0.7006631,0.284325,0.015011971,0.9977944,neutral (sarcastic unclear),-0.685651129,0.9977944,0.7006631,0.284325,0.4163381
nbbn3ve,LABEL_1,sarcastic,0.0015338473,0.9944332,0.004032914,0.9614362,neutral (sarcastic unclear),0.0024990667,0.9614362,0.9944332,0.9944332,0.990400286
nbbnoup,LABEL_1,not sarcastic,0.0023457306,0.9847991,0.012855272,0.001512113,neutral,0.010509541399999999,0.001512113,0.9847991,0.9847991,0.971943828
nbbyobl,LABEL_1,not sarcastic,0.0028336598,0.9909039,0.006262421,0.0059799277,neutral,0.0034287612,0.0059799277,0.9909039,0.9909039,0.984641479
nbbxsnl,LABEL_1,not sarcastic,0.002713721,0.9912521,0.006034219,0.0065576634,neutral,0.0033204980000000003,0.0065576634,0.9912521,0.9912521,0.985217881
nbdphve,LABEL_1,not sarcastic,0.001961288,0.9924629,0.005575889,0.00057008036,neutral,0.003614601,0.00057008036,0.9924629,0.9924629,0.9868870110000001
nbf01ry,LABEL_1,not sarcastic,0.02736759,0.9006148,0.0720177,0.019431492,neutral,0.04465011000000001,0.019431492,0.9006148,0.9006148,0.8285971000000001
nbfqaqd,LABEL_1,sarcastic,0.0025466762,0.99035746,0.0070958845,0.9924859,neutral (sarcastic unclear),0.0045492082999999996,0.9924859,0.99035746,0.99035746,0.9832615755
nc3s0z1,LABEL_1,not sarcastic,0.0035679527,0.98130083,0.015131274,0.0014354453,neutral,0.0115633213,0.0014354453,0.98130083,0.98130083,0.966169556
nalqgof,LABEL_1,sarcastic,0.0015417198,0.9944296,0.0040287897,0.9625041,neutral (sarcastic unclear),0.0024870699000000005,0.9625041,0.9944296,0.9944296,0.9904008103
nalrawf,LABEL_1,not sarcastic,0.0026664948,0.99119276,0.006140698,0.006117039,neutral,0.0034742032,0.006117039,0.99119276,0.99119276,0.9850520620000001
naltgp7,LABEL_1,not sarcastic,0.002740289,0.9913589,0.0059008426,0.007893852,neutral,0.0031605536,0.007893852,0.9913589,0.9913589,0.9854580574
nam1gyc,LABEL_1,not sarcastic,0.40518394,0.58172745,0.013088636,0.00060527044,neutral,-0.39209530400000003,0.00060527044,0.58172745,0.58172745,0.17654351000000001
nalwrp8,LABEL_1,sarcastic,0.0027760172,0.99379915,0.003424873,0.99876404,neutral (sarcastic unclear),0.0006488558000000001,0.99876404,0.99379915,0.99379915,0.9903742769999999
nalyugk,LABEL_1,not sarcastic,0.2799068,0.7071785,0.012914769,0.002052881,neutral,-0.266992031,0.002052881,0.7071785,0.7071785,0.42727170000000003
nalvcot,LABEL_1,not sarcastic,0.0019449375,0.9929172,0.005137812,0.039082214,neutral,0.0031928745000000002,0.039082214,0.9929172,0.9929172,0.9877793880000001
nalycdw,LABEL_1,not sarcastic,0.003466922,0.9935168,0.0030163398,0.00055123016,neutral,-0.0004505821999999998,0.00055123016,0.9935168,0.9935168,0.990049878
nalzher,LABEL_0,not sarcastic,0.6836982,0.28136036,0.03494147,0.004178147,neutral,-0.64875673,0.004178147,0.6836982,0.28136036,0.40233784000000006
naiat9n,LABEL_1,sarcastic,0.0015537136,0.9944047,0.0040415884,0.97304386,neutral (sarcastic unclear),0.0024878747999999996,0.97304386,0.9944047,0.9944047,0.9903631116
naibxvp,LABEL_2,sarcastic,0.0011344629,0.0051644817,0.9937011,0.8157542,neutral (sarcastic unclear),0.9925666371,0.8157542,0.9937011,0.0051644817,0.9885366183000001
naiic7d,LABEL_2,not sarcastic,0.0010958258,0.010398999,0.9885052,0.0022156064,neutral,0.9874093742,0.0022156064,0.9885052,0.010398999,0.978106201
naib5vh,LABEL_1,not sarcastic,0.001170972,0.99469805,0.00413105,0.004823094,neutral,0.0029600779999999997,0.004823094,0.99469805,0.99469805,0.990567
naib2mz,LABEL_1,not sarcastic,0.0029358796,0.9905552,0.0065089194,0.0064950357,neutral,0.0035730398000000003,0.0064950357,0.9905552,0.9905552,0.9840462806
naich8r,LABEL_2,not sarcastic,0.0018279381,0.24014486,0.7580272,0.011133195,neutral,0.7561992619,0.011133195,0.7580272,0.24014486,0.51788234
naiecht,LABEL_1,not sarcastic,0.0029460813,0.98827726,0.008776575,0.0011683356,neutral,0.0058304937,0.0011683356,0.98827726,0.98827726,0.9795006850000001
na326dz,LABEL_1,sarcastic,0.0015042576,0.9945135,0.003982309,0.92561114,neutral (sarcastic unclear),0.0024780514,0.92561114,0.9945135,0.9945135,0.9905311910000001
na4by1y,LABEL_1,not sarcastic,0.0011782774,0.9958365,0.002985272,0.00096637034,neutral,0.0018069946000000001,0.00096637034,0.9958365,0.9958365,0.992851228
na362c5,LABEL_1,not sarcastic,0.0028763753,0.7030644,0.29405925,0.0013329294,neutral,0.2911828747,0.0013329294,0.7030644,0.7030644,0.40900515000000004
na4p29q,LABEL_1,not sarcastic,0.0015800963,0.99502534,0.0033945732,0.0008133856,neutral,0.0018144769000000003,0.0008133856,0.99502534,0.99502534,0.9916307668
na42go8,LABEL_1,not sarcastic,0.00086767034,0.99421,0.0049223443,0.0012350726,neutral,0.00405467396,0.0012350726,0.99421,0.99421,0.9892876557
na39nyf,LABEL_1,not sarcastic,0.012382576,0.9392507,0.048366718,0.002575286,neutral,0.035984142000000004,0.002575286,0.9392507,0.9392507,0.890883982
na2sn3a,LABEL_1,sarcastic,0.0015560348,0.9944013,0.0040427884,0.9517222,neutral (sarcastic unclear),0.0024867536000000006,0.9517222,0.9944013,0.9944013,0.9903585116
na30lmn,LABEL_1,not sarcastic,0.0010083896,0.989926,0.009065663,0.002413572,neutral,0.0080572734,0.002413572,0.989926,0.989926,0.980860337
na2t4hs,LABEL_1,not sarcastic,0.030396737,0.8495519,0.120051354,0.0009898207,neutral,0.08965461699999999,0.0009898207,0.8495519,0.8495519,0.729500546
na2vwv7,LABEL_1,not sarcastic,0.0018545429,0.6888876,0.30925778,0.0018461576,neutral,0.3074032371,0.0018461576,0.6888876,0.6888876,0.37962982000000006
na2xrjp,LABEL_2,sarcastic,0.010268318,0.2621972,0.7275345,0.9990765,neutral (sarcastic unclear),0.7172661819999999,0.9990765,0.7275345,0.2621972,0.46533729999999995
na2umfm,LABEL_1,not sarcastic,0.016175237,0.77476364,0.20906113,0.0014339356,neutral,0.192885893,0.0014339356,0.77476364,0.77476364,0.5657025099999999
na35e77,LABEL_2,not sarcastic,0.002440839,0.375136,0.6224232,0.0020483718,neutral,0.6199823609999999,0.0020483718,0.6224232,0.375136,0.24728719999999993
na6sm36,LABEL_1,sarcastic,0.0016633087,0.99009997,0.008236784,0.99602246,neutral (sarcastic unclear),0.0065734753,0.99602246,0.99009997,0.99009997,0.981863186
n8kvex3,LABEL_1,sarcastic,0.0014979461,0.99454546,0.003956594,0.94669944,neutral (sarcastic unclear),0.0024586479,0.94669944,0.99454546,0.99454546,0.990588866
n8kwsnv,LABEL_0,sarcastic,0.51672584,0.4712648,0.01200935,0.98083913,neutral (sarcastic unclear),-0.50471649,0.98083913,0.51672584,0.4712648,0.04546104000000001
n8kxbqn,LABEL_1,not sarcastic,0.0048272302,0.99223244,0.0029402322,0.0021175372,neutral,-0.001886998,0.0021175372,0.99223244,0.99223244,0.9874052098
n8kz5nc,LABEL_1,not sarcastic,0.00263678,0.9913434,0.006019778,0.0055019637,neutral,0.003382998,0.0055019637,0.9913434,0.9913434,0.985323622
n8kvwkz,LABEL_1,not sarcastic,0.22176765,0.72201234,0.056219973,0.00088414375,neutral (sarcastic unclear),-0.165547677,0.00088414375,0.72201234,0.72201234,0.50024469
n8erwuj,LABEL_1,sarcastic,0.0015235337,0.99444616,0.004030221,0.9522058,neutral (sarcastic unclear),0.0025066872999999997,0.9522058,0.99444616,0.99444616,0.990415939
n8ew8s0,LABEL_1,not sarcastic,0.0636106,0.90757287,0.028816525,0.0006770065,neutral,-0.03479407500000001,0.0006770065,0.90757287,0.90757287,0.84396227
n8eti9e,LABEL_1,not sarcastic,0.0023177557,0.976428,0.021254323,0.0023098236,neutral,0.0189365673,0.0023098236,0.976428,0.976428,0.955173677
n8evopk,LABEL_2,sarcastic,0.0008981977,0.042442527,0.9566592,0.94327366,neutral (sarcastic unclear),0.9557610023,0.94327366,0.9566592,0.042442527,0.9142166730000001
n8ffzvi,LABEL_1,not sarcastic,0.011019627,0.98068845,0.008291851,0.018912569,neutral,-0.002727776000000001,0.018912569,0.98068845,0.98068845,0.969668823
n8flpb7,LABEL_2,sarcastic,0.002407812,0.24144875,0.75614345,0.9990767,neutral (sarcastic unclear),0.7537356380000001,0.9990767,0.75614345,0.24144875,0.5146947000000001
n88rzef,LABEL_1,sarcastic,0.001552053,0.9943656,0.0040824893,0.9768902,neutral (sarcastic unclear),0.0025304362999999993,0.9768902,0.9943656,0.9943656,0.9902831107
n88sjvg,LABEL_1,not sarcastic,0.0034340692,0.9841679,0.012398094,0.0017727036,neutral,0.0089640248,0.0017727036,0.9841679,0.9841679,0.971769806
n891bvi,LABEL_0,not sarcastic,0.98636395,0.009013074,0.0046230936,0.00091873,neutral,-0.9817408564,0.00091873,0.98636395,0.009013074,0.977350876
n89jla2,LABEL_1,not sarcastic,0.0029229643,0.9936586,0.0034184565,0.00062101154,neutral (sarcastic unclear),0.0004954922000000002,0.00062101154,0.9936586,0.9936586,0.9902401434999999
n898cf5,LABEL_0,not sarcastic,0.8053333,0.16883399,0.025832763,0.0008260238,neutral,-0.779500537,0.0008260238,0.8053333,0.16883399,0.63649931
n88x9sv,LABEL_1,not sarcastic,0.0068256455,0.9527307,0.04044367,0.0027334562,neutral,0.0336180245,0.0027334562,0.9527307,0.9527307,0.91228703
n7okk7k,LABEL_1,sarcastic,0.0015547844,0.9944307,0.00401446,0.96084046,neutral (sarcastic unclear),0.0024596756,0.96084046,0.9944307,0.9944307,0.99041624
n7om6v8,LABEL_1,not sarcastic,0.00094985956,0.9958674,0.0031827523,0.0005021385,neutral,0.0022328927400000003,0.0005021385,0.9958674,0.9958674,0.9926846477
n7p0aqv,LABEL_1,not sarcastic,0.0020309489,0.99212235,0.0058467435,0.010059442,neutral,0.0038157946,0.010059442,0.99212235,0.99212235,0.9862756065
n7z272g,LABEL_2,not sarcastic,0.0015041223,0.042492803,0.9560031,0.0005953631,neutral (sarcastic unclear),0.9544989777,0.0005953631,0.9560031,0.042492803,0.913510297
n7ou67r,LABEL_1,not sarcastic,0.00097207946,0.99439657,0.0046313726,0.0012902042,neutral,0.00365929314,0.0012902042,0.99439657,0.99439657,0.9897651974
n80wzss,LABEL_1,not sarcastic,0.0022036505,0.99413884,0.0036575112,0.0006667232,neutral,0.0014538607000000002,0.0006667232,0.99413884,0.99413884,0.9904813288
n7mw0yd,LABEL_1,sarcastic,0.001526264,0.99437165,0.004101981,0.96901816,neutral (sarcastic unclear),0.002575717,0.96901816,0.99437165,0.99437165,0.990269669
n7mwft4,LABEL_0,sarcastic,0.9434142,0.03582827,0.020757597,0.95354074,neutral (sarcastic unclear),-0.922656603,0.95354074,0.9434142,0.03582827,0.90758593
n7n5apf,LABEL_1,not sarcastic,0.0025038868,0.99209493,0.0054012253,0.005852909,neutral,0.0028973384999999995,0.005852909,0.99209493,0.99209493,0.9866937047000001
n7mxg1n,LABEL_1,not sarcastic,0.11762452,0.86328655,0.019088943,0.0015681725,neutral,-0.098535577,0.0015681725,0.86328655,0.86328655,0.74566203
n7mymfg,LABEL_0,not sarcastic,0.69826317,0.24309446,0.05864233,0.024047265,neutral,-0.6396208400000001,0.024047265,0.69826317,0.24309446,0.45516871000000003
n7n1g4j,LABEL_1,not sarcastic,0.0041915774,0.99093974,0.0048686643,0.0017032097,neutral,0.0006770868999999994,0.0017032097,0.99093974,0.99093974,0.9860710757
n7n08tm,LABEL_1,sarcastic,0.032023165,0.9604225,0.007554297,0.64393586,neutral (sarcastic unclear),-0.024468867999999998,0.64393586,0.9604225,0.9604225,0.9283993349999999
n7lm42o,LABEL_1,sarcastic,0.001566975,0.99440753,0.004025444,0.95798945,neutral (sarcastic unclear),0.0024584690000000005,0.95798945,0.99440753,0.99440753,0.990382086
n7lvehw,LABEL_1,not sarcastic,0.009840319,0.98494786,0.005211802,0.00066768465,neutral,-0.004628517,0.00066768465,0.98494786,0.98494786,0.975107541
n7lnvaj,LABEL_1,not sarcastic,0.031518303,0.95849365,0.009988094,0.0005579226,neutral,-0.021530208999999998,0.0005579226,0.95849365,0.95849365,0.926975347
n7lm5fs,LABEL_0,sarcastic,0.859375,0.13009152,0.010533435,0.999501,neutral (sarcastic unclear),-0.848841565,0.999501,0.859375,0.13009152,0.72928348
n7ykpis,LABEL_1,sarcastic,0.0025733316,0.9842482,0.01317848,0.99785715,neutral (sarcastic unclear),0.0106051484,0.99785715,0.9842482,0.9842482,0.97106972
n7yuciv,LABEL_1,not sarcastic,0.0032333166,0.99381024,0.0029564563,0.0007421775,negative,-0.00027686029999999997,0.0007421775,0.99381024,0.99381024,0.9905769233999999
n7pbsd7,LABEL_1,not sarcastic,0.0791419,0.8624595,0.058398567,0.002145545,neutral,-0.020743333000000003,0.002145545,0.8624595,0.8624595,0.7833176000000001
n7ak3rw,LABEL_1,sarcastic,0.0015528386,0.99436706,0.004080094,0.95649385,neutral (sarcastic unclear),0.0025272554,0.95649385,0.99436706,0.99436706,0.990286966
n7amzs7,LABEL_1,sarcastic,0.02515453,0.863508,0.11133749,0.8773578,neutral (sarcastic unclear),0.08618296,0.8773578,0.863508,0.863508,0.75217051
n7bms5a,LABEL_1,not sarcastic,0.0027796675,0.99108374,0.0061366335,0.0064369803,neutral,0.0033569659999999994,0.0064369803,0.99108374,0.99108374,0.9849471065
n7anyl7,LABEL_1,not sarcastic,0.017141206,0.58003163,0.40282714,0.0019083504,neutral,0.38568593399999995,0.0019083504,0.58003163,0.58003163,0.17720449000000005
n7ax48c,LABEL_1,not sarcastic,0.001834681,0.9950053,0.0031599826,0.002722927,neutral,0.0013253016000000003,0.002722927,0.9950053,0.9950053,0.9918453173999999
n7c8607,LABEL_0,not sarcastic,0.98391867,0.011376723,0.0047046077,0.00055739965,positive,-0.9792140623,0.00055739965,0.98391867,0.011376723,0.972541947
n7bzsmy,LABEL_1,not sarcastic,0.0015758366,0.9933035,0.005120671,0.0009945892,neutral,0.0035448344000000003,0.0009945892,0.9933035,0.9933035,0.988182829
n78xrj6,LABEL_1,sarcastic,0.0015293432,0.9943757,0.0040949304,0.96294844,neutral (sarcastic unclear),0.0025655872000000003,0.96294844,0.9943757,0.9943757,0.9902807696
n78yjci,LABEL_1,not sarcastic,0.034982543,0.95887876,0.0061386847,0.000574399,neutral,-0.028843858299999997,0.000574399,0.95887876,0.95887876,0.923896217
n78y9sr,LABEL_1,not sarcastic,0.0024713376,0.991861,0.005667654,0.007880703,neutral,0.0031963164000000004,0.007880703,0.991861,0.991861,0.986193346
n791azz,LABEL_0,not sarcastic,0.8592526,0.1328714,0.007875989,0.0025588898,neutral,-0.8513766110000001,0.0025588898,0.8592526,0.1328714,0.7263812000000001
n78yaw8,LABEL_1,not sarcastic,0.06378533,0.92715365,0.009061133,0.0006344652,neutral,-0.054724197,0.0006344652,0.92715365,0.92715365,0.8633683200000001
n790ghh,LABEL_1,not sarcastic,0.0032393886,0.99276567,0.003994901,0.00076550094,positive,0.0007555124000000004,0.00076550094,0.99276567,0.99276567,0.988770769
n7968a3,LABEL_1,not sarcastic,0.0028303652,0.9910993,0.006070324,0.005659667,neutral,0.0032399588,0.005659667,0.9910993,0.9910993,0.9850289760000001
n75gskq,LABEL_1,sarcastic,0.0015557497,0.9943604,0.0040838793,0.968421,neutral (sarcastic unclear),0.0025281296,0.968421,0.9943604,0.9943604,0.9902765207
n75icu5,LABEL_1,not sarcastic,0.023968644,0.9576022,0.018429032,0.041041613,neutral,-0.005539611999999999,0.041041613,0.9576022,0.9576022,0.933633556
n75hmru,LABEL_1,not sarcastic,0.001360758,0.99356246,0.005076791,0.0034444241,neutral,0.0037160329999999997,0.0034444241,0.99356246,0.99356246,0.988485669
n75j19y,LABEL_1,not sarcastic,0.020111721,0.97288215,0.0070061777,0.0013608963,negative,-0.013105543299999998,0.0013608963,0.97288215,0.97288215,0.952770429
n75gza5,LABEL_1,not sarcastic,0.0029608004,0.9907273,0.006312002,0.005528431,neutral,0.0033512015999999996,0.005528431,0.9907273,0.9907273,0.9844152979999999
n75i34m,LABEL_1,not sarcastic,0.00603012,0.96886104,0.025108913,0.0009725435,neutral,0.019078793,0.0009725435,0.96886104,0.96886104,0.943752127
n768ywi,LABEL_0,not sarcastic,0.8891676,0.10265526,0.008177089,0.00080687366,neutral,-0.8809905109999999,0.00080687366,0.8891676,0.10265526,0.7865123399999999
n6ukun4,LABEL_1,sarcastic,0.0015519734,0.99444973,0.003998308,0.9582667,neutral (sarcastic unclear),0.0024463346,0.9582667,0.99444973,0.99444973,0.990451422
n6umgw1,LABEL_1,not sarcastic,0.0025105248,0.9919864,0.0055030733,0.0024096374,neutral,0.0029925485000000004,0.0024096374,0.9919864,0.9919864,0.9864833267
n6upa4i,LABEL_1,not sarcastic,0.0015633816,0.9935895,0.0048471596,0.0018544642,neutral,0.0032837780000000002,0.0018544642,0.9935895,0.9935895,0.9887423404
n6vfdm4,LABEL_1,not sarcastic,0.0012305874,0.9947897,0.0039796936,0.0006163706,neutral,0.0027491061999999995,0.0006163706,0.9947897,0.9947897,0.9908100064
n6v5k3v,LABEL_1,not sarcastic,0.0008492373,0.9939178,0.005232823,0.0025038656,neutral (sarcastic unclear),0.0043835857,0.0025038656,0.9939178,0.9939178,0.9886849769999999
n6uu6gz,LABEL_1,not sarcastic,0.00086050585,0.99016094,0.008978571,0.002342798,positive,0.00811806515,0.002342798,0.99016094,0.99016094,0.981182369
n6sh8h9,LABEL_1,sarcastic,0.001542124,0.9943697,0.0040881573,0.97682345,neutral (sarcastic unclear),0.0025460333,0.97682345,0.9943697,0.9943697,0.9902815427
n6siduh,LABEL_1,not sarcastic,0.0026318468,0.9910942,0.0062740054,0.0092347,neutral,0.0036421586,0.0092347,0.9910942,0.9910942,0.9848201946
n6sj3v4,LABEL_1,not sarcastic,0.002711343,0.9240514,0.07323725,0.0024922688,neutral,0.070525907,0.0024922688,0.9240514,0.9240514,0.8508141499999999
n6tuz74,LABEL_2,not sarcastic,0.00716378,0.35840914,0.6344271,0.0017512818,neutral,0.6272633200000001,0.0017512818,0.6344271,0.35840914,0.27601796
n6siwal,LABEL_0,not sarcastic,0.85395175,0.13718987,0.008858374,0.0007255929,neutral,-0.845093376,0.0007255929,0.85395175,0.13718987,0.71676188
n6sjd50,LABEL_1,sarcastic,0.005663132,0.9352232,0.059113715,0.9969025,neutral (sarcastic unclear),0.053450582999999996,0.9969025,0.9352232,0.9352232,0.8761094850000001
n6sknzg,LABEL_1,not sarcastic,0.0065005105,0.98960996,0.0038895414,0.0007165969,neutral,-0.0026109691,0.0007165969,0.98960996,0.98960996,0.9831094495
n6jcie7,LABEL_1,sarcastic,0.0015450486,0.99442816,0.0040268153,0.95641327,neutral (sarcastic unclear),0.0024817667,0.95641327,0.99442816,0.99442816,0.9904013447
n6jjezs,LABEL_1,not sarcastic,0.0010235535,0.9941468,0.00482963,0.0014545864,neutral,0.0038060765,0.0014545864,0.9941468,0.9941468,0.98931717
n6jw0kf,LABEL_0,not sarcastic,0.9787754,0.0168817,0.004342952,0.0008307845,neutral,-0.974432448,0.0008307845,0.9787754,0.0168817,0.9618937
n6lhnx1,LABEL_0,not sarcastic,0.929836,0.0601979,0.009966232,0.0015996798,positive,-0.919869768,0.0015996798,0.929836,0.0601979,0.8696381
n6jtzps,LABEL_0,not sarcastic,0.96935004,0.024738492,0.005911469,0.0019905367,neutral,-0.9634385710000001,0.0019905367,0.96935004,0.024738492,0.944611548
n6k1mrr,LABEL_0,sarcastic,0.93993926,0.054101527,0.005959275,0.999159,neutral (sarcastic unclear),-0.933979985,0.999159,0.93993926,0.054101527,0.885837733
n6kcbim,LABEL_1,not sarcastic,0.0008530784,0.99587137,0.0032755304,0.0021106016,neutral,0.0024224520000000003,0.0021106016,0.99587137,0.99587137,0.9925958396000001
n6fqokw,LABEL_1,sarcastic,0.0015355372,0.99437696,0.004087423,0.9709957,neutral (sarcastic unclear),0.0025518857999999997,0.9709957,0.99437696,0.99437696,0.990289537
n6fr6oq,LABEL_1,not sarcastic,0.0018522382,0.967561,0.030586652,0.0013292333,neutral,0.028734413799999997,0.0013292333,0.967561,0.967561,0.936974348
n6frj4r,LABEL_1,not sarcastic,0.0017470034,0.995285,0.0029680284,0.00096335367,positive,0.001221025,0.00096335367,0.995285,0.995285,0.9923169716
n6fza0o,LABEL_1,sarcastic,0.013072955,0.98243076,0.004496238,0.99662554,positive (sarcastic bullish),-0.008576717000000001,0.99662554,0.98243076,0.98243076,0.9693578049999999
n6fs0uz,LABEL_1,not sarcastic,0.0044299387,0.98248845,0.013081661,0.003074227,neutral,0.0086517223,0.003074227,0.98248845,0.98248845,0.969406789
n6frl7o,LABEL_1,not sarcastic,0.003163966,0.99137515,0.0054609543,0.004680556,neutral (sarcastic unclear),0.0022969883000000003,0.004680556,0.99137515,0.99137515,0.9859141956999999
n6fth0c,LABEL_1,not sarcastic,0.0019598512,0.9911459,0.0068942537,0.0013727875,neutral,0.004934402500000001,0.0013727875,0.9911459,0.9911459,0.9842516463000001
n6ft4ai,LABEL_1,not sarcastic,0.0016823144,0.9953027,0.003015033,0.00092108164,neutral,0.0013327185999999999,0.00092108164,0.9953027,0.9953027,0.992287667
n6fx4fd,LABEL_1,not sarcastic,0.002826584,0.991204,0.0059693814,0.20817596,neutral,0.0031427974000000003,0.20817596,0.991204,0.991204,0.9852346186
n6fmdk2,LABEL_1,sarcastic,0.0015247023,0.9946055,0.0038697412,0.9225479,neutral (sarcastic unclear),0.0023450388999999997,0.9225479,0.9946055,0.9946055,0.9907357588
n6fmwkg,LABEL_1,not sarcastic,0.0017071847,0.99433976,0.003953136,0.0024830017,neutral,0.0022459513,0.0024830017,0.99433976,0.99433976,0.990386624
n6j4cbf,LABEL_1,not sarcastic,0.002555582,0.9919242,0.0055202446,0.0016542769,neutral,0.0029646626,0.0016542769,0.9919242,0.9919242,0.9864039554
n6g7aww,LABEL_1,not sarcastic,0.0010053337,0.9964135,0.0025810883,0.0013837024,positive,0.0015757546000000002,0.0013837024,0.9964135,0.9964135,0.9938324116999999
n6g8ylx,LABEL_0,not sarcastic,0.96941066,0.025345761,0.0052435608,0.0012473512,neutral,-0.9641670992,0.0012473512,0.96941066,0.025345761,0.944064899
n6fnup5,LABEL_1,not sarcastic,0.0026914005,0.9913728,0.0059357616,0.007745445,neutral,0.0032443610999999995,0.007745445,0.9913728,0.9913728,0.9854370384000001
n6ghbsb,LABEL_0,not sarcastic,0.5763028,0.41134426,0.012352897,0.0014771479,neutral,-0.563949903,0.0014771479,0.5763028,0.41134426,0.16495854
n6hgt0a,LABEL_0,not sarcastic,0.97765815,0.017085517,0.005256317,0.0010167675,neutral (sarcastic unclear),-0.972401833,0.0010167675,0.97765815,0.017085517,0.960572633
n6ew2qm,LABEL_1,sarcastic,0.0015344442,0.99443036,0.0040351604,0.95237505,neutral (sarcastic unclear),0.0025007161999999997,0.95237505,0.99443036,0.99443036,0.9903951996
n6fgce4,LABEL_1,not sarcastic,0.017779928,0.97470254,0.007517443,0.0013983885,neutral,-0.010262485,0.0013983885,0.97470254,0.97470254,0.9569226120000001
n66g2m5,LABEL_1,sarcastic,0.0015206662,0.9944021,0.004077227,0.94156885,neutral (sarcastic unclear),0.0025565608,0.94156885,0.9944021,0.9944021,0.9903248729999999
n66j0ak,LABEL_1,not sarcastic,0.0012337343,0.96676004,0.032006178,0.0008431724,neutral,0.030772443700000002,0.0008431724,0.96676004,0.96676004,0.934753862
n66kk70,LABEL_1,not sarcastic,0.20442016,0.78553766,0.0100422455,0.0012604713,neutral,-0.1943779145,0.0012604713,0.78553766,0.78553766,0.5811175000000001
n66s43u,LABEL_1,not sarcastic,0.0013358552,0.99528426,0.0033798923,0.011489227,positive,0.0020440371,0.011489227,0.99528426,0.99528426,0.9919043677
n6777qm,LABEL_0,not sarcastic,0.9446225,0.048622146,0.006755395,0.0012008139,neutral (sarcastic unclear),-0.937867105,0.0012008139,0.9446225,0.048622146,0.896000354
n66a4sj,LABEL_1,sarcastic,0.0015524263,0.9945298,0.0039178017,0.94207066,neutral (sarcastic unclear),0.0023653754,0.94207066,0.9945298,0.9945298,0.9906119983
n66b2bt,LABEL_2,sarcastic,0.0028254387,0.032032665,0.9651419,0.89969146,neutral (sarcastic unclear),0.9623164613,0.89969146,0.9651419,0.032032665,0.933109235
n66tgao,LABEL_1,not sarcastic,0.040120967,0.9468377,0.013041293,0.000886072,neutral,-0.027079673999999998,0.000886072,0.9468377,0.9468377,0.906716733
n6ic237,LABEL_1,not sarcastic,0.0015724024,0.9865458,0.011881829,0.0031441704,neutral,0.0103094266,0.0031441704,0.9865458,0.9865458,0.974663971
n5n1nfv,LABEL_1,sarcastic,0.0015445381,0.9944296,0.004025955,0.9356434,neutral (sarcastic unclear),0.0024814169,0.9356434,0.9944296,0.9944296,0.990403645
n5n7f00,LABEL_0,not sarcastic,0.82652736,0.1465383,0.026934238,0.010099693,neutral,-0.7995931220000001,0.010099693,0.82652736,0.1465383,0.67998906
n5n6ozw,LABEL_1,not sarcastic,0.00377109,0.90817076,0.088058196,0.0010134667,neutral,0.084287106,0.0010134667,0.90817076,0.90817076,0.820112564
n5nexs5,LABEL_1,not sarcastic,0.0044070734,0.50686806,0.48872486,0.0022755165,neutral,0.48431778659999997,0.0022755165,0.50686806,0.50686806,0.01814319999999997
n5ncayn,LABEL_2,not sarcastic,0.001393795,0.13431446,0.8642917,0.00216338,neutral,0.862897905,0.00216338,0.8642917,0.13431446,0.72997724
n5ofyxh,LABEL_2,sarcastic,0.026949594,0.37978813,0.59326226,0.9866332,neutral (sarcastic unclear),0.5663126660000001,0.9866332,0.59326226,0.37978813,0.21347413000000004
n5o46qg,LABEL_1,not sarcastic,0.003947272,0.9858845,0.010168238,0.015043435,neutral,0.006220966,0.015043435,0.9858845,0.9858845,0.9757162620000001
n5lxvs9,LABEL_1,sarcastic,0.0015445203,0.99437827,0.004077178,0.9431052,neutral (sarcastic unclear),0.0025326576999999996,0.9431052,0.99437827,0.99437827,0.990301092
n5m0x6w,LABEL_1,sarcastic,0.0042015836,0.6725564,0.32324204,0.6352437,neutral (sarcastic unclear),0.3190404564,0.6352437,0.6725564,0.6725564,0.34931436000000005
n5m3oeu,LABEL_1,not sarcastic,0.0045334077,0.6086565,0.38681012,0.0020300061,neutral (sarcastic unclear),0.3822767123,0.0020300061,0.6086565,0.6086565,0.22184638000000007
n5ma4zo,LABEL_1,not sarcastic,0.003169508,0.9934423,0.003388221,0.00784664,positive,0.00021871299999999972,0.00784664,0.9934423,0.9934423,0.990054079
n5ly1ga,LABEL_1,not sarcastic,0.0059504346,0.95862204,0.03542757,0.0017378737,neutral,0.0294771354,0.0017378737,0.95862204,0.95862204,0.92319447
n56oeme,LABEL_1,sarcastic,0.0015452132,0.9944312,0.0040235436,0.95818466,neutral (sarcastic unclear),0.0024783304,0.95818466,0.9944312,0.9944312,0.9904076564
n579cv6,LABEL_1,not sarcastic,0.26717922,0.7179289,0.014891864,0.0021517344,neutral,-0.252287356,0.0021517344,0.7179289,0.7179289,0.45074968
n56zvow,LABEL_1,not sarcastic,0.002025264,0.9947754,0.0031993245,0.0012294621,neutral,0.0011740605,0.0012294621,0.9947754,0.9947754,0.9915760754999999
n57h3cz,LABEL_1,not sarcastic,0.00092465524,0.9936877,0.0053876727,0.0009596518,neutral,0.0044630174600000004,0.0009596518,0.9936877,0.9936877,0.9883000273
n5as3yp,LABEL_2,not sarcastic,0.0009528678,0.007448971,0.9915981,0.0005548826,neutral,0.9906452322,0.0005548826,0.9915981,0.007448971,0.9841491290000001
n58iag9,LABEL_2,sarcastic,0.0009910023,0.00645122,0.99255776,0.9993686,neutral (sarcastic unclear),0.9915667576999999,0.9993686,0.99255776,0.00645122,0.98610654
n591vu5,LABEL_1,not sarcastic,0.0027397608,0.9913123,0.0059479643,0.0077376976,neutral,0.0032082034999999995,0.0077376976,0.9913123,0.9913123,0.9853643357
n55mvpx,LABEL_1,sarcastic,0.001563455,0.99440163,0.004034892,0.9677692,neutral (sarcastic unclear),0.002471437,0.9677692,0.99440163,0.99440163,0.9903667380000001
n55qpb2,LABEL_1,not sarcastic,0.35381567,0.6322614,0.013922978,0.25371692,positive,-0.33989269200000005,0.25371692,0.6322614,0.6322614,0.27844572999999995
n55qtci,LABEL_1,not sarcastic,0.00090976065,0.9912238,0.007866437,0.043476176,neutral,0.0069566763500000005,0.043476176,0.9912238,0.9912238,0.983357363
n55qr72,LABEL_1,not sarcastic,0.0013786317,0.97576934,0.022852011,0.0065182396,neutral,0.021473379299999998,0.0065182396,0.97576934,0.97576934,0.952917329
n55mki8,LABEL_1,sarcastic,0.00153872,0.99443924,0.0040219896,0.95863307,neutral (sarcastic unclear),0.0024832696000000004,0.95863307,0.99443924,0.99443924,0.9904172504
n55t43l,LABEL_1,not sarcastic,0.0017154964,0.9954235,0.0028609964,0.0005479068,neutral,0.0011454999999999998,0.0005479068,0.9954235,0.9954235,0.9925625036
n55mxl9,LABEL_1,not sarcastic,0.00089729234,0.9930952,0.0060075275,0.003273499,neutral,0.0051102351600000005,0.003273499,0.9930952,0.9930952,0.9870876725
n55qo35,LABEL_1,not sarcastic,0.051085792,0.6933506,0.2555636,0.0011732046,neutral,0.204477808,0.0011732046,0.6933506,0.6933506,0.43778700000000004
n55p4hg,LABEL_1,not sarcastic,0.003341467,0.9903977,0.0062608756,0.007874933,neutral,0.0029194086000000003,0.007874933,0.9903977,0.9903977,0.9841368244
n5743ob,LABEL_1,not sarcastic,0.39040717,0.5371854,0.07240743,0.0012963314,neutral,-0.31799974000000003,0.0012963314,0.5371854,0.5371854,0.14677823
n543dti,LABEL_1,sarcastic,0.0015348729,0.99437815,0.004086937,0.95318806,neutral (sarcastic unclear),0.0025520640999999998,0.95318806,0.99437815,0.99437815,0.990291213
n546e3o,LABEL_1,not sarcastic,0.14324576,0.8482525,0.008501697,0.017362935,neutral,-0.134744063,0.017362935,0.8482525,0.8482525,0.70500674
n548ks7,LABEL_1,not sarcastic,0.0035426307,0.9885971,0.00786024,0.00066181575,neutral,0.004317609299999999,0.00066181575,0.9885971,0.9885971,0.98073686
n544736,LABEL_1,not sarcastic,0.0009628078,0.99510777,0.0039294395,0.0014419382,neutral,0.0029666316999999998,0.0014419382,0.99510777,0.99510777,0.9911783304999999
n54wu4w,LABEL_2,not sarcastic,0.004450397,0.037020974,0.9585286,0.013078747,neutral,0.9540782029999999,0.013078747,0.9585286,0.037020974,0.9215076259999999
n54d7oj,LABEL_1,sarcastic,0.005164161,0.98736006,0.0074757384,0.99921644,neutral (sarcastic unclear),0.0023115774000000006,0.99921644,0.98736006,0.98736006,0.9798843215999999
n543s8b,LABEL_1,not sarcastic,0.0017780502,0.99495196,0.0032700666,0.0066539533,neutral,0.0014920164,0.0066539533,0.99495196,0.99495196,0.9916818934
n4zq1d3,LABEL_1,sarcastic,0.001527626,0.994453,0.0040193787,0.94285506,neutral (sarcastic unclear),0.0024917527000000005,0.94285506,0.994453,0.994453,0.9904336213
n4zrjai,LABEL_1,not sarcastic,0.00269877,0.99144405,0.005857226,0.01009668,neutral,0.003158456,0.01009668,0.99144405,0.99144405,0.985586824
n4zuspk,LABEL_1,not sarcastic,0.0024760917,0.9936605,0.0038634585,0.015371374,neutral,0.0013873668,0.015371374,0.9936605,0.9936605,0.9897970414999999
n4zqaxa,LABEL_0,not sarcastic,0.9209818,0.07252272,0.006495427,0.0032491249,neutral,-0.9144863729999999,0.0032491249,0.9209818,0.07252272,0.8484590799999999
n4zsuhu,LABEL_1,not sarcastic,0.003582587,0.98413867,0.012278742,0.018746264,neutral,0.008696155,0.018746264,0.98413867,0.98413867,0.971859928
n4zy25a,LABEL_1,not sarcastic,0.111973986,0.88061136,0.007414585,0.0044594673,neutral,-0.104559401,0.0044594673,0.88061136,0.88061136,0.768637374
n505bwh,LABEL_1,not sarcastic,0.0025266553,0.9914555,0.0060177725,0.004662548,neutral,0.0034911172,0.004662548,0.9914555,0.9914555,0.9854377275
n4wgmsc,LABEL_1,sarcastic,0.001544858,0.99448663,0.003968496,0.9313134,neutral (sarcastic unclear),0.002423638,0.9313134,0.99448663,0.99448663,0.990518134
n4x6mlu,LABEL_1,not sarcastic,0.3803945,0.6092276,0.010377877,0.0007709556,neutral,-0.37001662300000004,0.0007709556,0.6092276,0.6092276,0.22883309999999996
n4wuk89,LABEL_0,not sarcastic,0.6963566,0.28855067,0.0150928,0.0057522343,neutral,-0.6812638,0.0057522343,0.6963566,0.28855067,0.40780593
n4wo5pv,LABEL_1,not sarcastic,0.0015104883,0.85891044,0.13957912,0.0009055445,neutral,0.1380686317,0.0009055445,0.85891044,0.85891044,0.71933132
n4rv8l3,LABEL_1,sarcastic,0.0015172125,0.99437815,0.004104596,0.95872533,neutral (sarcastic unclear),0.0025873835,0.95872533,0.99437815,0.99437815,0.990273554
n4rvz2l,LABEL_1,not sarcastic,0.001356499,0.99303484,0.0056087156,0.001981583,positive,0.004252216600000001,0.001981583,0.99303484,0.99303484,0.9874261244
n4rxnf2,LABEL_0,not sarcastic,0.7546869,0.23600294,0.009310193,0.0010167146,neutral,-0.745376707,0.0010167146,0.7546869,0.23600294,0.51868396
n4sipw1,LABEL_2,sarcastic,0.0730307,0.17058781,0.7563815,0.9674269,negative (sarcastic bearish),0.6833508,0.9674269,0.7563815,0.17058781,0.58579369
n4tqgb7,LABEL_2,not sarcastic,0.0032085727,0.06367992,0.9331115,0.0025900456,neutral (sarcastic unclear),0.9299029273,0.0025900456,0.9331115,0.06367992,0.86943158
n4wsue1,LABEL_1,not sarcastic,0.03595447,0.8464371,0.11760848,0.020379907,neutral,0.08165401,0.020379907,0.8464371,0.8464371,0.72882862
n4prjqd,LABEL_1,sarcastic,0.0015331258,0.99442345,0.0040433784,0.9610981,neutral (sarcastic unclear),0.0025102526000000003,0.9610981,0.99442345,0.99442345,0.9903800716
n4psdjr,LABEL_1,not sarcastic,0.0012203784,0.99504,0.003739679,0.00061821385,neutral,0.0025193006,0.00061821385,0.99504,0.99504,0.991300321
n4pshcj,LABEL_1,not sarcastic,0.0011174154,0.99541783,0.0034646727,0.0005990164,neutral,0.0023472573,0.0005990164,0.99541783,0.99541783,0.9919531573
n4q8ba4,LABEL_1,not sarcastic,0.0030407517,0.99349517,0.003464084,0.0044104797,negative,0.0004233322999999999,0.0044104797,0.99349517,0.99349517,0.990031086
n4pym2c,LABEL_1,sarcastic,0.0012120951,0.9939639,0.0048239753,0.99747723,neutral (sarcastic unclear),0.0036118801999999997,0.99747723,0.9939639,0.9939639,0.9891399247
n4psg1r,LABEL_1,not sarcastic,0.002146316,0.99376774,0.0040859375,0.0029587774,neutral,0.0019396215,0.0029587774,0.99376774,0.99376774,0.9896818025
n4qick7,LABEL_1,not sarcastic,0.0009081286,0.995413,0.0036789104,0.0006240771,neutral,0.0027707818,0.0006240771,0.995413,0.995413,0.9917340896
n4qagyr,LABEL_1,not sarcastic,0.0007954891,0.9868563,0.012348245,0.0018039012,neutral,0.011552755900000001,0.0018039012,0.9868563,0.9868563,0.974508055
n4d4gxi,LABEL_1,sarcastic,0.0015345284,0.9943982,0.0040672417,0.9674942,neutral (sarcastic unclear),0.0025327133,0.9674942,0.9943982,0.9943982,0.9903309583000001
n4d6gok,LABEL_1,not sarcastic,0.0008370163,0.9911669,0.007996114,0.0005387466,neutral,0.0071590977,0.0005387466,0.9911669,0.9911669,0.983170786
n4d4xsj,LABEL_1,not sarcastic,0.0018881272,0.9920563,0.0060555222,0.2359001,neutral,0.004167395,0.2359001,0.9920563,0.9920563,0.9860007778
n4d6ygx,LABEL_1,not sarcastic,0.035830352,0.9581503,0.0060192584,0.0005186796,neutral,-0.029811093600000005,0.0005186796,0.9581503,0.9581503,0.9223199480000001
n4d82mn,LABEL_1,not sarcastic,0.00213376,0.99395084,0.003915385,0.000864516,neutral,0.0017816250000000002,0.000864516,0.99395084,0.99395084,0.990035455
n4d7816,LABEL_1,not sarcastic,0.050004877,0.92843807,0.021557052,0.0029701823,neutral,-0.028447825000000003,0.0029701823,0.92843807,0.92843807,0.878433193
n423zxm,LABEL_1,sarcastic,0.001532539,0.99447614,0.0039913813,0.9629604,neutral (sarcastic unclear),0.0024588423,0.9629604,0.99447614,0.99447614,0.9904847587
n4264vk,LABEL_1,sarcastic,0.002870606,0.80285794,0.19427152,0.9761779,neutral (sarcastic unclear),0.191400914,0.9761779,0.80285794,0.80285794,0.60858642
n4dba61,LABEL_2,not sarcastic,0.0010134248,0.006342987,0.99264365,0.00094902894,negative,0.9916302252,0.00094902894,0.99264365,0.006342987,0.986300663
n471r69,LABEL_1,not sarcastic,0.0063887523,0.9012352,0.092376076,0.00088901585,neutral,0.0859873237,0.00088901585,0.9012352,0.9012352,0.808859124
n483kks,LABEL_1,not sarcastic,0.0017544287,0.9945418,0.0037037476,0.0009425666,neutral,0.0019493189,0.0009425666,0.9945418,0.9945418,0.9908380524
n452m97,LABEL_1,not sarcastic,0.49187097,0.49562776,0.012501233,0.008055184,neutral,-0.479369737,0.008055184,0.49562776,0.49562776,0.0037567899999999543
n3v31xv,LABEL_1,sarcastic,0.0015305914,0.99443024,0.004039199,0.9542943,neutral (sarcastic unclear),0.0025086076000000006,0.9542943,0.99443024,0.99443024,0.990391041
n3v5ver,LABEL_1,not sarcastic,0.0015989125,0.9937617,0.0046393275,0.0012603404,neutral,0.0030404150000000003,0.0012603404,0.9937617,0.9937617,0.9891223725
n3v3xxd,LABEL_1,sarcastic,0.011918629,0.9155392,0.072542205,0.9270396,neutral (sarcastic unclear),0.060623576,0.9270396,0.9155392,0.9155392,0.842996995
n3v4bgm,LABEL_1,not sarcastic,0.0033058191,0.97996736,0.016726848,0.0017380177,neutral,0.0134210289,0.0017380177,0.97996736,0.97996736,0.9632405119999999
n3vrty9,LABEL_1,not sarcastic,0.0028835642,0.9907415,0.006374942,0.0060901544,neutral,0.0034913777999999998,0.0060901544,0.9907415,0.9907415,0.9843665580000001
n3tkul5,LABEL_1,sarcastic,0.0015448559,0.9943639,0.0040912167,0.9785987,neutral (sarcastic unclear),0.0025463607999999995,0.9785987,0.9943639,0.9943639,0.9902726833
n3tmplc,LABEL_1,not sarcastic,0.01745403,0.9098927,0.07265324,0.0037816835,neutral,0.05519921,0.0037816835,0.9098927,0.9098927,0.83723946
n3tq7z4,LABEL_1,not sarcastic,0.00079858926,0.9947305,0.004470809,0.0009009694,neutral,0.00367221974,0.0009009694,0.9947305,0.9947305,0.990259691
n3ung1s,LABEL_1,not sarcastic,0.00133902,0.99281776,0.0058432133,0.0007990828,neutral,0.004504193300000001,0.0007990828,0.99281776,0.99281776,0.9869745467
n3mwlyb,LABEL_1,sarcastic,0.0015096599,0.9945216,0.0039686826,0.93565977,neutral (sarcastic unclear),0.0024590226999999997,0.93565977,0.9945216,0.9945216,0.9905529174
n3oa5vl,LABEL_1,sarcastic,0.009602841,0.9776895,0.012707649,0.7504661,neutral (sarcastic unclear),0.003104807999999999,0.7504661,0.9776895,0.9776895,0.964981851
n3m9py8,LABEL_1,sarcastic,0.0015282141,0.9944066,0.0040651294,0.9595782,neutral (sarcastic unclear),0.0025369153,0.9595782,0.9944066,0.9944066,0.9903414706
n3mb37h,LABEL_0,not sarcastic,0.9522598,0.041943617,0.005796611,0.0014094561,neutral,-0.946463189,0.0014094561,0.9522598,0.041943617,0.910316183
n3mb8u9,LABEL_1,not sarcastic,0.0011764906,0.9955324,0.0032912008,0.0012351974,positive,0.0021147101999999997,0.0012351974,0.9955324,0.9955324,0.9922411992
n3mcbm3,LABEL_0,not sarcastic,0.8456494,0.1396317,0.014718845,0.0028322549,positive,-0.830930555,0.0028322549,0.8456494,0.1396317,0.7060177
n3mcp1c,LABEL_1,not sarcastic,0.022597307,0.972033,0.0053696553,0.010161416,neutral,-0.0172276517,0.010161416,0.972033,0.972033,0.9494356930000001
n3mlpfh,LABEL_1,not sarcastic,0.0013673865,0.9830346,0.015598065,0.0021711674,neutral,0.0142306785,0.0021711674,0.9830346,0.9830346,0.9674365349999999
n3nhcl6,LABEL_1,not sarcastic,0.0027371023,0.90254986,0.09471294,0.0015194245,neutral,0.0919758377,0.0015194245,0.90254986,0.90254986,0.8078369200000001
n3fa0od,LABEL_1,sarcastic,0.0016850283,0.9944688,0.00384612,0.92869496,neutral (sarcastic unclear),0.0021610917,0.92869496,0.9944688,0.9944688,0.9906226800000001
n3fe5lr,LABEL_1,not sarcastic,0.0010140737,0.95547426,0.043511655,0.00052174594,positive,0.042497581300000004,0.00052174594,0.95547426,0.95547426,0.911962605
n3fi7hh,LABEL_1,not sarcastic,0.038886163,0.95425767,0.0068561565,0.00052474363,neutral,-0.0320300065,0.00052474363,0.95425767,0.95425767,0.9153715069999999
n3fx2yu,LABEL_1,not sarcastic,0.0026201273,0.9915558,0.0058240825,0.0074114846,neutral,0.0032039552,0.0074114846,0.9915558,0.9915558,0.9857317175
n3idy5s,LABEL_1,not sarcastic,0.0028187004,0.9912246,0.005956716,0.0062020565,neutral,0.0031380156,0.0062020565,0.9912246,0.9912246,0.985267884
n2t8xso,LABEL_1,sarcastic,0.0015485192,0.9944043,0.004047125,0.9719663,neutral (sarcastic unclear),0.0024986058000000004,0.9719663,0.9944043,0.9944043,0.990357175
n2t9y66,LABEL_1,sarcastic,0.0065895994,0.7139095,0.2795009,0.8226722,neutral (sarcastic unclear),0.2729113006,0.8226722,0.7139095,0.7139095,0.4344086
n2td97m,LABEL_1,not sarcastic,0.003182246,0.99259394,0.004223739,0.018584065,neutral,0.0010414929999999997,0.018584065,0.99259394,0.99259394,0.9883702010000001
n2tn6td,LABEL_2,not sarcastic,0.0017972899,0.013221968,0.9849807,0.0007530151,neutral,0.9831834101,0.0007530151,0.9849807,0.013221968,0.9717587320000001
n2taq3g,LABEL_1,not sarcastic,0.0014315939,0.99499774,0.0035706903,0.0027852142,neutral,0.0021390964,0.0027852142,0.99499774,0.99499774,0.9914270497
n2talkc,LABEL_1,not sarcastic,0.0010481378,0.99175525,0.007196525,0.002116952,neutral,0.006148387199999999,0.002116952,0.99175525,0.99175525,0.984558725
n2tk8ys,LABEL_1,sarcastic,0.047610052,0.94483376,0.007556154,0.94085926,neutral (sarcastic unclear),-0.040053898,0.94085926,0.94483376,0.94483376,0.897223708
n2msq2r,LABEL_1,sarcastic,0.0015389883,0.9944666,0.00399441,0.9628764,neutral (sarcastic unclear),0.0024554217000000004,0.9628764,0.9944666,0.9944666,0.99047219
n2mu192,LABEL_1,not sarcastic,0.0024902725,0.9917597,0.0057501295,0.012523615,neutral,0.003259857,0.012523615,0.9917597,0.9917597,0.9860095705
n2mtctp,LABEL_1,not sarcastic,0.00084541825,0.9861566,0.012998026,0.0011026757,positive,0.012152607749999999,0.0011026757,0.9861566,0.9861566,0.973158574
n2mupjh,LABEL_0,not sarcastic,0.5279361,0.4573207,0.014743223,0.2985016,neutral,-0.513192877,0.2985016,0.5279361,0.4573207,0.0706154
n2mzfya,LABEL_1,not sarcastic,0.0027018574,0.9913134,0.0059848335,0.0058899014,neutral,0.0032829761,0.0058899014,0.9913134,0.9913134,0.9853285665
n2muzwb,LABEL_1,not sarcastic,0.3908502,0.5922268,0.016923092,0.0008269968,neutral,-0.37392710799999995,0.0008269968,0.5922268,0.5922268,0.20137660000000007
n2mtspj,LABEL_1,not sarcastic,0.019037582,0.9513764,0.029585993,0.017683832,neutral,0.010548411,0.017683832,0.9513764,0.9513764,0.921790407
n2fq49o,LABEL_1,sarcastic,0.0015292064,0.99435127,0.0041194377,0.9577821,neutral (sarcastic unclear),0.0025902313,0.9577821,0.99435127,0.99435127,0.9902318323
n2g5va9,LABEL_0,not sarcastic,0.87503374,0.10920898,0.01575724,0.00086433016,neutral,-0.8592765,0.00086433016,0.87503374,0.10920898,0.76582476
n2fzglv,LABEL_1,not sarcastic,0.0038281453,0.9856214,0.010550502,0.0006086102,neutral,0.0067223566999999994,0.0006086102,0.9856214,0.9856214,0.975070898
n2g6cso,LABEL_1,not sarcastic,0.002713403,0.99151504,0.0057716207,0.008514578,neutral,0.0030582176999999996,0.008514578,0.99151504,0.99151504,0.9857434193
n2fuz33,LABEL_1,not sarcastic,0.0019974734,0.99382174,0.0041808286,0.0010827215,neutral,0.0021833552,0.0010827215,0.99382174,0.99382174,0.9896409114
n2g6l2x,LABEL_1,not sarcastic,0.009852849,0.98477584,0.0053714397,0.00080747897,negative,-0.0044814093,0.00080747897,0.98477584,0.98477584,0.9749229909999999
n2fzdrx,LABEL_2,sarcastic,0.0021219233,0.30307102,0.694807,0.99376196,neutral (sarcastic unclear),0.6926850766999999,0.99376196,0.694807,0.30307102,0.39173597999999993
n2frl28,LABEL_1,not sarcastic,0.0013491794,0.9936147,0.0050362055,0.037142616,neutral,0.0036870261,0.037142616,0.9936147,0.9936147,0.9885784945
n2dflek,LABEL_1,sarcastic,0.0015208918,0.9944311,0.0040479447,0.95813257,neutral (sarcastic unclear),0.0025270529,0.95813257,0.9944311,0.9944311,0.9903831553
n2wm95x,LABEL_1,not sarcastic,0.0016372375,0.99274457,0.005618169,0.00047569355,neutral,0.0039809315,0.00047569355,0.99274457,0.99274457,0.987126401
n2d295q,LABEL_1,sarcastic,0.0015284269,0.9944265,0.0040450525,0.95643115,neutral (sarcastic unclear),0.0025166256,0.95643115,0.9944265,0.9944265,0.9903814475
n2d84tl,LABEL_1,not sarcastic,0.0057605794,0.98459226,0.009647257,0.000927465,neutral,0.003886677599999999,0.000927465,0.98459226,0.98459226,0.974945003
n2d2zcw,LABEL_1,not sarcastic,0.0013076924,0.99531966,0.0033726906,0.0012338768,positive,0.0020649982000000002,0.0012338768,0.99531966,0.99531966,0.9919469694
n281b0g,LABEL_1,sarcastic,0.0015171887,0.9943546,0.0041282396,0.949824,neutral (sarcastic unclear),0.0026110509,0.949824,0.9943546,0.9943546,0.9902263604
n282twb,LABEL_1,not sarcastic,0.003947272,0.9858845,0.010168238,0.015043435,neutral,0.006220966,0.015043435,0.9858845,0.9858845,0.9757162620000001
n284342,LABEL_1,not sarcastic,0.003176134,0.9919695,0.0048543066,0.0005016544,neutral,0.0016781726000000001,0.0005016544,0.9919695,0.9919695,0.9871151934
n282zut,LABEL_1,not sarcastic,0.003947272,0.9858845,0.010168238,0.015043435,neutral,0.006220966,0.015043435,0.9858845,0.9858845,0.9757162620000001
n287gvk,LABEL_0,sarcastic,0.97845465,0.016722871,0.0048224237,0.9059,neutral (sarcastic unclear),-0.9736322263,0.9059,0.97845465,0.016722871,0.961731779
n28aqr6,LABEL_1,not sarcastic,0.0023143135,0.9937781,0.0039076433,0.116532736,positive,0.0015933298000000004,0.116532736,0.9937781,0.9937781,0.9898704567
n28lw36,LABEL_1,not sarcastic,0.033819053,0.95970744,0.006473501,0.0009354483,neutral,-0.027345552000000002,0.0009354483,0.95970744,0.95970744,0.925888387
n288hm9,LABEL_1,not sarcastic,0.08152303,0.9091915,0.009285483,0.0007923534,neutral,-0.072237547,0.0007923534,0.9091915,0.9091915,0.8276684700000001
n27y0pw,LABEL_1,sarcastic,0.0015546386,0.994418,0.004027389,0.9691144,neutral (sarcastic unclear),0.0024727504000000003,0.9691144,0.994418,0.994418,0.990390611
n27yl36,LABEL_1,not sarcastic,0.12343337,0.85507464,0.021492053,0.0013638528,neutral,-0.101941317,0.0013638528,0.85507464,0.85507464,0.73164127
n27zl3y,LABEL_1,not sarcastic,0.23979665,0.7181637,0.042039547,0.005246829,neutral,-0.197757103,0.005246829,0.7181637,0.7181637,0.47836704999999996
n281r8v,LABEL_1,not sarcastic,0.0017277288,0.9845697,0.013702568,0.001937694,positive (sarcastic bullish),0.0119748392,0.001937694,0.9845697,0.9845697,0.970867132
n289vmw,LABEL_0,not sarcastic,0.9466333,0.04834663,0.00501999,0.00080425607,neutral,-0.94161331,0.00080425607,0.9466333,0.04834663,0.8982866700000001
n285x49,LABEL_2,sarcastic,0.0019894245,0.061608087,0.9364025,0.97859544,neutral (sarcastic unclear),0.9344130755000001,0.97859544,0.9364025,0.061608087,0.874794413
n1uudnp,LABEL_1,sarcastic,0.0015347208,0.99442756,0.004037817,0.95859915,neutral (sarcastic unclear),0.0025030962,0.95859915,0.99442756,0.99442756,0.9903897429999999
n1uvjst,LABEL_1,not sarcastic,0.0027538065,0.9908236,0.0064225513,0.004889626,neutral,0.0036687448,0.004889626,0.9908236,0.9908236,0.9844010487
n1v58bk,LABEL_1,not sarcastic,0.0025381877,0.99167496,0.005786861,0.007753086,neutral,0.0032486732999999998,0.007753086,0.99167496,0.99167496,0.985888099
n1yffq7,LABEL_0,not sarcastic,0.965832,0.028223922,0.0059441812,0.0012755139,neutral (sarcastic unclear),-0.9598878188000001,0.0012755139,0.965832,0.028223922,0.937608078
n1wq0jr,LABEL_1,not sarcastic,0.010347411,0.9450879,0.04456464,0.0008589268,neutral,0.034217229,0.0008589268,0.9450879,0.9450879,0.9005232599999999
n1v4nra,LABEL_1,not sarcastic,0.0014163587,0.99531484,0.003268858,0.0014367664,neutral,0.0018524993,0.0014367664,0.99531484,0.99531484,0.992045982
n1twndg,LABEL_1,sarcastic,0.0015249568,0.9943816,0.004093422,0.964377,neutral (sarcastic unclear),0.0025684652000000003,0.964377,0.9943816,0.9943816,0.990288178
n1txdz1,LABEL_1,not sarcastic,0.002653257,0.9915364,0.005810379,0.004880336,neutral,0.003157122,0.004880336,0.9915364,0.9915364,0.985726021
n1tx4ox,LABEL_1,not sarcastic,0.0013203839,0.9924947,0.0061849477,0.00069022307,negative,0.004864563800000001,0.00069022307,0.9924947,0.9924947,0.9863097523
n1u21rd,LABEL_1,not sarcastic,0.002520123,0.99183816,0.005641735,0.0056911395,neutral,0.003121612,0.0056911395,0.99183816,0.99183816,0.986196425
n1ueuzv,LABEL_1,not sarcastic,0.026836189,0.96349317,0.009670649,0.0065099266,neutral,-0.01716554,0.0065099266,0.96349317,0.96349317,0.936656981
n1ty4vd,LABEL_1,not sarcastic,0.033223588,0.9377809,0.02899542,0.0015187295,neutral,-0.004228167999999997,0.0015187295,0.9377809,0.9377809,0.904557312
n1u00bb,LABEL_0,not sarcastic,0.53114575,0.40115628,0.06769801,0.04504512,neutral,-0.46344774,0.04504512,0.53114575,0.40115628,0.12998947
n1t1jlj,LABEL_1,sarcastic,0.0015362974,0.9944338,0.004029818,0.94994766,neutral (sarcastic unclear),0.0024935206,0.94994766,0.9944338,0.9944338,0.990403982
n1t3ujh,LABEL_1,not sarcastic,0.0031641861,0.9878676,0.008968221,0.103429355,neutral,0.0058040349,0.103429355,0.9878676,0.9878676,0.9788993789999999
n1t2esg,LABEL_1,not sarcastic,0.0013200027,0.9939964,0.0046835262,0.0009505634,neutral,0.0033635235000000004,0.0009505634,0.9939964,0.9939964,0.9893128738
n1t73zl,LABEL_1,not sarcastic,0.0016596026,0.99254566,0.005794748,0.0010619154,neutral,0.0041351454,0.0010619154,0.99254566,0.99254566,0.986750912
n1t5b93,LABEL_1,not sarcastic,0.0026347057,0.9932908,0.0040744785,0.0010323982,positive,0.0014397728,0.0010323982,0.9932908,0.9932908,0.9892163215
n1tbewg,LABEL_1,not sarcastic,0.009894586,0.84152484,0.14858057,0.0014914774,neutral,0.13868598399999998,0.0014914774,0.84152484,0.84152484,0.69294427
n1sy8zw,LABEL_1,sarcastic,0.0015257243,0.9944823,0.0039919424,0.9530751,neutral (sarcastic unclear),0.0024662181,0.9530751,0.9944823,0.9944823,0.9904903576
n1sysia,LABEL_1,not sarcastic,0.0027312797,0.99121547,0.0060531804,0.0059270673,neutral,0.0033219007000000003,0.0059270673,0.99121547,0.99121547,0.9851622896
n1tbyhi,LABEL_1,not sarcastic,0.07785024,0.91704696,0.00510282,0.0023973396,neutral,-0.07274742000000001,0.0023973396,0.91704696,0.91704696,0.83919672
n1szedy,LABEL_0,not sarcastic,0.8861195,0.09685014,0.01703035,0.0010441432,neutral,-0.86908915,0.0010441432,0.8861195,0.09685014,0.7892693599999999
n1sya5g,LABEL_1,sarcastic,0.0015016195,0.9943968,0.004101613,0.9993081,neutral (sarcastic unclear),0.0025999935,0.9993081,0.9943968,0.9943968,0.990295187
n1t0n1e,LABEL_1,not sarcastic,0.0012350467,0.9957273,0.003037648,0.0017682053,positive,0.0018026013,0.0017682053,0.9957273,0.9957273,0.992689652
n1te4az,LABEL_1,not sarcastic,0.0013593595,0.99311984,0.0055208663,0.0009514454,neutral,0.0041615068,0.0009514454,0.99311984,0.99311984,0.9875989736999999
n1t0wph,LABEL_0,not sarcastic,0.86284834,0.1295782,0.0075734914,0.0007870923,neutral,-0.8552748486,0.0007870923,0.86284834,0.1295782,0.73327014
n1jjk32,LABEL_1,sarcastic,0.0015340386,0.9943969,0.0040690345,0.9642321,neutral (sarcastic unclear),0.0025349959,0.9642321,0.9943969,0.9943969,0.9903278655000001
n1jm4an,LABEL_1,not sarcastic,0.005913721,0.6470384,0.3470479,0.0009343027,neutral,0.34113417900000004,0.0009343027,0.6470384,0.6470384,0.2999905
n1jlahj,LABEL_1,not sarcastic,0.0026378566,0.99168956,0.005672559,0.0048541552,neutral,0.0030347024,0.0048541552,0.99168956,0.99168956,0.986017001
n1jkft3,LABEL_0,not sarcastic,0.97914517,0.016513236,0.004341666,0.0011827108,negative,-0.974803504,0.0011827108,0.97914517,0.016513236,0.962631934
n1jujim,LABEL_0,not sarcastic,0.53985685,0.4488068,0.011336326,0.004599619,neutral,-0.528520524,0.004599619,0.53985685,0.4488068,0.09105005000000005
n1jkh3q,LABEL_1,not sarcastic,0.0033019832,0.9895946,0.0071035083,0.0020700225,positive,0.0038015251,0.0020700225,0.9895946,0.9895946,0.9824910917
n1hwxxl,LABEL_1,sarcastic,0.0015294628,0.9944629,0.004007517,0.9519328,neutral (sarcastic unclear),0.0024780542000000004,0.9519328,0.9944629,0.9944629,0.990455383
n1hx7sc,LABEL_1,not sarcastic,0.002139747,0.9954787,0.002381646,0.00064744323,neutral,0.00024189899999999985,0.00064744323,0.9954787,0.9954787,0.993097054
n1hz8vf,LABEL_1,not sarcastic,0.0011877025,0.99463755,0.0041746786,0.03654566,neutral,0.0029869760999999993,0.03654566,0.99463755,0.99463755,0.9904628714
n1i7asp,LABEL_1,not sarcastic,0.0016805781,0.9909088,0.0074106227,0.0033197103,neutral,0.0057300446,0.0033197103,0.9909088,0.9909088,0.9834981773
n1i0tvn,LABEL_1,not sarcastic,0.038433626,0.93571484,0.02585149,0.0009309111,neutral,-0.012582135999999997,0.0009309111,0.93571484,0.93571484,0.897281214
n1id9jr,LABEL_1,not sarcastic,0.0020663862,0.99431795,0.0036157116,0.004544302,negative,0.0015493254,0.004544302,0.99431795,0.99431795,0.9907022384
n176jmo,LABEL_1,sarcastic,0.0016559314,0.99445665,0.0038874683,0.9351893,neutral (sarcastic unclear),0.0022315369,0.9351893,0.99445665,0.99445665,0.9905691817000001
n177ort,LABEL_1,not sarcastic,0.0070170127,0.56646055,0.42652246,0.0013916225,neutral,0.4195054473,0.0013916225,0.56646055,0.56646055,0.13993808999999996
n179cae,LABEL_1,not sarcastic,0.06637011,0.9267907,0.006839157,0.00086334284,neutral,-0.059530953,0.00086334284,0.9267907,0.9267907,0.8604205899999999
n17ay8i,LABEL_0,sarcastic,0.94172895,0.046503533,0.011767493,0.9990421,neutral (sarcastic unclear),-0.929961457,0.9990421,0.94172895,0.046503533,0.895225417
n17os35,LABEL_0,not sarcastic,0.97500706,0.019304348,0.005688527,0.007527775,neutral,-0.969318533,0.007527775,0.97500706,0.019304348,0.955702712
n17h19r,LABEL_1,not sarcastic,0.35499537,0.6333533,0.01165133,0.0009785374,neutral,-0.34334403999999996,0.0009785374,0.6333533,0.6333533,0.27835793000000003
n15dye7,LABEL_1,sarcastic,0.0015429199,0.99442095,0.0040360847,0.95862556,neutral (sarcastic unclear),0.0024931648000000002,0.95862556,0.99442095,0.99442095,0.9903848652999999
n16ggd7,LABEL_1,not sarcastic,0.0011060549,0.94278014,0.05611383,0.001605223,neutral,0.0550077751,0.001605223,0.94278014,0.94278014,0.88666631
n15ef62,LABEL_1,not sarcastic,0.0014673757,0.995812,0.0027206307,0.19558889,negative,0.0012532550000000002,0.19558889,0.995812,0.995812,0.9930913693000001
n15g8ef,LABEL_1,not sarcastic,0.0013854953,0.9958495,0.0027650075,0.091061674,neutral,0.0013795122000000001,0.091061674,0.9958495,0.9958495,0.9930844925000001
n19rhrx,LABEL_1,not sarcastic,0.0016320407,0.9948855,0.0034824603,0.0009768881,neutral,0.0018504195999999998,0.0009768881,0.9948855,0.9948855,0.9914030397
n15ekl5,LABEL_1,not sarcastic,0.002044357,0.9916278,0.0063278275,0.0010057552,neutral (sarcastic unclear),0.0042834705,0.0010057552,0.9916278,0.9916278,0.9852999724999999
n169y7h,LABEL_0,sarcastic,0.76475143,0.22514267,0.010106003,0.7919336,negative (sarcastic bearish),-0.754645427,0.7919336,0.76475143,0.22514267,0.53960876
n1b9lui,LABEL_1,not sarcastic,0.0025140115,0.9839713,0.013514711,0.0006187276,neutral,0.0110006995,0.0006187276,0.9839713,0.9839713,0.970456589
n1cac7a,LABEL_1,not sarcastic,0.0023660585,0.9900864,0.0075474484,0.002412314,neutral,0.0051813899,0.002412314,0.9900864,0.9900864,0.9825389516
n12ypbz,LABEL_1,sarcastic,0.0015330556,0.9944471,0.0040198704,0.9567704,neutral (sarcastic unclear),0.0024868148000000002,0.9567704,0.9944471,0.9944471,0.9904272296000001
n130u6b,LABEL_1,not sarcastic,0.007956929,0.9812868,0.010756282,0.047273632,neutral,0.002799353000000001,0.047273632,0.9812868,0.9812868,0.970530518
n139fam,LABEL_0,sarcastic,0.7542874,0.22916622,0.016546315,0.99821186,negative (sarcastic bearish),-0.737741085,0.99821186,0.7542874,0.22916622,0.5251211800000001
n1332t3,LABEL_1,sarcastic,0.001189876,0.99574476,0.0030653856,0.9975183,neutral (sarcastic unclear),0.0018755096,0.9975183,0.99574476,0.99574476,0.9926793744
n12zp5o,LABEL_1,sarcastic,0.026266605,0.8739766,0.09975687,0.98214746,neutral (sarcastic unclear),0.073490265,0.98214746,0.8739766,0.8739766,0.77421973
n14fr9f,LABEL_1,not sarcastic,0.003755117,0.99245113,0.0037937635,0.0011242218,neutral,3.864649999999999e-05,0.0011242218,0.99245113,0.99245113,0.9886573664999999
n1363g1,LABEL_1,sarcastic,0.00239759,0.5689413,0.4286611,0.999059,neutral (sarcastic unclear),0.42626351,0.999059,0.5689413,0.5689413,0.14028019999999997
n16pnh0,LABEL_1,sarcastic,0.0064817565,0.97221065,0.021307616,0.961268,neutral (sarcastic unclear),0.014825859500000002,0.961268,0.97221065,0.97221065,0.950903034
n12yzn9,LABEL_1,not sarcastic,0.0026013954,0.99157715,0.00582152,0.005444751,neutral,0.0032201246,0.005444751,0.99157715,0.99157715,0.98575563
n12qqsi,LABEL_1,sarcastic,0.0015245164,0.9944149,0.004060646,0.9577015,neutral (sarcastic unclear),0.0025361296,0.9577015,0.9944149,0.9944149,0.990354254
n12v8ja,LABEL_1,sarcastic,0.0032092556,0.9938351,0.002955752,0.7345019,positive,-0.0002535036000000002,0.7345019,0.9938351,0.9938351,0.9906258444
n130c1w,LABEL_1,not sarcastic,0.0011139621,0.98791635,0.0109697,0.00074781984,neutral,0.009855737900000001,0.00074781984,0.98791635,0.98791635,0.97694665
n15isxx,LABEL_1,not sarcastic,0.0018802215,0.9925573,0.0055624,0.00087360403,neutral,0.0036821785,0.00087360403,0.9925573,0.9925573,0.9869949
n0ulkyb,LABEL_1,sarcastic,0.0015251732,0.9944734,0.004001464,0.96913713,neutral (sarcastic unclear),0.0024762907999999998,0.96913713,0.9944734,0.9944734,0.9904719359999999
n0un6uj,LABEL_1,not sarcastic,0.0016617911,0.99352336,0.0048147743,0.0007529197,neutral,0.0031529832,0.0007529197,0.99352336,0.99352336,0.9887085857
n0um6z2,LABEL_1,not sarcastic,0.0008736072,0.9923091,0.006817289,0.0057401657,neutral,0.0059436817999999995,0.0057401657,0.9923091,0.9923091,0.985491811
n0urv2o,LABEL_1,not sarcastic,0.0011374941,0.995999,0.002863617,0.00084703777,neutral,0.0017261229000000002,0.00084703777,0.995999,0.995999,0.9931353829999999
n0vbqzi,LABEL_1,not sarcastic,0.0025257953,0.9917841,0.005690198,0.010449957,neutral,0.0031644026999999996,0.010449957,0.9917841,0.9917841,0.9860939019999999
n0v40yo,LABEL_1,sarcastic,0.007875455,0.9883057,0.0038189103,0.799441,neutral (sarcastic unclear),-0.004056544699999999,0.799441,0.9883057,0.9883057,0.980430245
n0tt07k,LABEL_1,sarcastic,0.0015389567,0.9944594,0.0040016463,0.94569224,neutral (sarcastic unclear),0.0024626896,0.94569224,0.9944594,0.9944594,0.9904577537
n0udq1l,LABEL_1,not sarcastic,0.0017850276,0.99366015,0.004554899,0.00051739055,neutral,0.0027698714000000003,0.00051739055,0.99366015,0.99366015,0.989105251
n0tv43e,LABEL_1,not sarcastic,0.0026536544,0.9904151,0.0069311652,0.00077662896,neutral,0.0042775108,0.00077662896,0.9904151,0.9904151,0.9834839348
n0ttipl,LABEL_0,sarcastic,0.9431119,0.047997456,0.008890677,0.99837387,neutral (sarcastic unclear),-0.934221223,0.99837387,0.9431119,0.047997456,0.895114444
n0xqrbk,LABEL_1,not sarcastic,0.0016820771,0.9937359,0.0045819567,0.18500379,neutral,0.0028998795999999995,0.18500379,0.9937359,0.9937359,0.9891539433000001
n0u6rtu,LABEL_1,not sarcastic,0.009954722,0.9840201,0.00602527,0.039248534,neutral (sarcastic unclear),-0.003929451999999999,0.039248534,0.9840201,0.9840201,0.9740653779999999
n0ub001,LABEL_1,not sarcastic,0.0011394729,0.99064726,0.008213263,0.0028320367,positive,0.0070737901,0.0028320367,0.99064726,0.99064726,0.982433997
n0syr0h,LABEL_1,sarcastic,0.0015678095,0.99443334,0.0039989417,0.9625689,neutral (sarcastic unclear),0.0024311321999999995,0.9625689,0.99443334,0.99443334,0.9904343983
n0szhly,LABEL_1,not sarcastic,0.044682957,0.9473333,0.007983739,0.0054092207,neutral,-0.036699218000000006,0.0054092207,0.9473333,0.9473333,0.902650343
n0t2zh0,LABEL_1,not sarcastic,0.0025954498,0.9914908,0.0059137605,0.0062915892,neutral,0.0033183107000000003,0.0062915892,0.9914908,0.9914908,0.9855770395
n0t09d6,LABEL_1,not sarcastic,0.0027675035,0.9911965,0.0060359067,0.005675756,neutral,0.0032684032000000005,0.005675756,0.9911965,0.9911965,0.9851605933
n0t0d3v,LABEL_1,sarcastic,0.02705062,0.86686397,0.10608542,0.9059704,neutral (sarcastic unclear),0.0790348,0.9059704,0.86686397,0.86686397,0.76077855
n0t20f5,LABEL_0,not sarcastic,0.9510392,0.04258841,0.0063723186,0.0018399522,neutral,-0.9446668814,0.0018399522,0.9510392,0.04258841,0.90845079
n0ranmd,LABEL_1,sarcastic,0.0015332516,0.99443203,0.0040347404,0.94124794,neutral (sarcastic unclear),0.0025014888000000003,0.94124794,0.99443203,0.99443203,0.9903972896000001
n0rb9b8,LABEL_1,not sarcastic,0.007485654,0.9894723,0.0030420437,0.00064743304,positive,-0.004443610299999999,0.00064743304,0.9894723,0.9894723,0.981986646
n0rbkzo,LABEL_1,not sarcastic,0.17158762,0.81983215,0.008580204,0.0010942218,neutral,-0.163007416,0.0010942218,0.81983215,0.81983215,0.6482445299999999
n0s4g3k,LABEL_1,sarcastic,0.00784509,0.98627496,0.0058799447,0.95896995,neutral (sarcastic unclear),-0.001965145300000001,0.95896995,0.98627496,0.98627496,0.97842987
n0rifai,LABEL_1,not sarcastic,0.14400178,0.83547044,0.02052772,0.00052720547,neutral,-0.12347406,0.00052720547,0.83547044,0.83547044,0.6914686600000001
n0s2a2m,LABEL_0,sarcastic,0.9781597,0.016954308,0.004885889,0.9991404,neutral (sarcastic unclear),-0.973273811,0.9991404,0.9781597,0.016954308,0.961205392
n0ro9ph,LABEL_2,not sarcastic,0.007956853,0.24338235,0.7486608,0.0010701678,positive,0.740703947,0.0010701678,0.7486608,0.24338235,0.50527845
mzwfrdy,LABEL_1,sarcastic,0.0015597629,0.9944418,0.0039984514,0.9476326,neutral (sarcastic unclear),0.0024386885000000002,0.9476326,0.9944418,0.9944418,0.9904433486
mzwgrx2,LABEL_2,not sarcastic,0.001277687,0.022072881,0.9766494,0.00053749507,neutral,0.975371713,0.00053749507,0.9766494,0.022072881,0.954576519
mzxvpef,LABEL_1,not sarcastic,0.42644292,0.56253254,0.011024542,0.00070616294,neutral,-0.415418378,0.00070616294,0.56253254,0.56253254,0.13608961999999997
mzwha3w,LABEL_2,not sarcastic,0.002404652,0.05601012,0.9415852,0.0036069173,neutral,0.9391805480000001,0.0036069173,0.9415852,0.05601012,0.88557508
mzx6bd7,LABEL_2,not sarcastic,0.004458386,0.11303615,0.8825055,0.0013084798,positive,0.878047114,0.0013084798,0.8825055,0.11303615,0.76946935
mzwk987,LABEL_1,not sarcastic,0.0009940073,0.9716348,0.027371185,0.0015663943,neutral,0.0263771777,0.0015663943,0.9716348,0.9716348,0.944263615
mzwu7u6,LABEL_1,not sarcastic,0.0018626112,0.99397403,0.0041634557,0.0022238123,neutral,0.0023008444999999995,0.0022238123,0.99397403,0.99397403,0.9898105743
mzy5t0s,LABEL_1,not sarcastic,0.008067602,0.84964347,0.14228892,0.0014405497,neutral,0.134221318,0.0014405497,0.84964347,0.84964347,0.7073545499999999
n00awk7,LABEL_1,not sarcastic,0.053786583,0.9367352,0.009478277,0.0010179669,neutral,-0.044308306,0.0010179669,0.9367352,0.9367352,0.882948617
mzp9n6f,LABEL_1,sarcastic,0.0015344783,0.9943956,0.004069852,0.95922303,neutral (sarcastic unclear),0.0025353736999999994,0.95922303,0.9943956,0.9943956,0.9903257480000001
mzpcyxi,LABEL_1,not sarcastic,0.0020855586,0.97716105,0.020753343,0.00086987746,neutral (sarcastic unclear),0.0186677844,0.00086987746,0.97716105,0.97716105,0.956407707
mzpboj5,LABEL_1,not sarcastic,0.002768294,0.99099934,0.006232414,0.008578118,neutral,0.0034641200000000002,0.008578118,0.99099934,0.99099934,0.984766926
mzpf6my,LABEL_1,sarcastic,0.001277314,0.99233574,0.0063869176,0.9800332,neutral (sarcastic unclear),0.0051096036,0.9800332,0.99233574,0.99233574,0.9859488224
mzpckzz,LABEL_1,not sarcastic,0.002185829,0.8831536,0.11466063,0.0009928311,neutral,0.112474801,0.0009928311,0.8831536,0.8831536,0.7684929699999999
mzq7iwl,LABEL_1,not sarcastic,0.4800717,0.49978355,0.020144772,0.0006801112,negative,-0.459926928,0.0006801112,0.49978355,0.49978355,0.01971185000000003
mzqbjpf,LABEL_1,not sarcastic,0.035288464,0.9462093,0.018502261,0.00084080524,neutral (sarcastic unclear),-0.016786203,0.00084080524,0.9462093,0.9462093,0.9109208360000001
mzpbceg,LABEL_1,not sarcastic,0.11261368,0.8190816,0.06830464,0.0012541225,neutral (sarcastic unclear),-0.044309039999999994,0.0012541225,0.8190816,0.8190816,0.7064679199999999
mzpiibb,LABEL_0,not sarcastic,0.9492171,0.04399806,0.0067849513,0.0035697173,negative,-0.9424321487,0.0035697173,0.9492171,0.04399806,0.9052190400000001
mzp5or0,LABEL_1,sarcastic,0.0015178601,0.9944806,0.0040015522,0.95574576,neutral (sarcastic unclear),0.0024836921000000005,0.95574576,0.9944806,0.9944806,0.9904790478000001
mzp9waj,LABEL_0,sarcastic,0.66389334,0.2927185,0.043388113,0.9989323,neutral (sarcastic unclear),-0.620505227,0.9989323,0.66389334,0.2927185,0.37117484
mzp6370,LABEL_1,not sarcastic,0.047652688,0.9179539,0.034393426,0.0046168044,neutral,-0.013259262,0.0046168044,0.9179539,0.9179539,0.870301212
mzp77k3,LABEL_1,not sarcastic,0.0015687982,0.9936522,0.004778914,0.00093208835,neutral,0.0032101158000000006,0.00093208835,0.9936522,0.9936522,0.988873286
mzd3zd4,LABEL_1,sarcastic,0.0015443004,0.9943903,0.004065317,0.9552118,neutral (sarcastic unclear),0.0025210165999999994,0.9552118,0.9943903,0.9943903,0.9903249829999999
mzd4kmc,LABEL_2,not sarcastic,0.0018791363,0.34862173,0.6494992,0.00074287696,neutral,0.6476200637,0.00074287696,0.6494992,0.34862173,0.30087747000000004
mzdmhq5,LABEL_1,not sarcastic,0.0164978,0.9733508,0.010151368,0.0037508602,neutral,-0.006346432000000001,0.0037508602,0.9733508,0.9733508,0.956853
mzfnbdi,LABEL_1,not sarcastic,0.4102424,0.5647671,0.024990467,0.0006565449,neutral,-0.385251933,0.0006565449,0.5647671,0.5647671,0.15452469999999996
mzd84mz,LABEL_1,sarcastic,0.022549247,0.8949128,0.08253794,0.9585112,neutral (sarcastic unclear),0.059988693,0.9585112,0.8949128,0.8949128,0.8123748599999999
mzdsyif,LABEL_1,sarcastic,0.062373582,0.788163,0.14946343,0.7036346,neutral (sarcastic unclear),0.08708984800000001,0.7036346,0.788163,0.788163,0.63869957
mzdxt4a,LABEL_1,not sarcastic,0.01298161,0.9834329,0.0035855428,0.0008968539,neutral,-0.0093960672,0.0008968539,0.9834329,0.9834329,0.9704512900000001
mzedd1s,LABEL_2,not sarcastic,0.00435381,0.029510181,0.966136,0.0007407971,neutral,0.96178219,0.0007407971,0.966136,0.029510181,0.936625819
mzf04bt,LABEL_1,not sarcastic,0.0012604832,0.9932498,0.00548966,0.0023689566,neutral,0.0042291768000000006,0.0023689566,0.9932498,0.9932498,0.98776014
mzb1a7u,LABEL_1,sarcastic,0.001537148,0.99442947,0.0040333527,0.974277,neutral (sarcastic unclear),0.0024962047000000004,0.974277,0.99442947,0.99442947,0.9903961173
mzbadfj,LABEL_1,not sarcastic,0.23795329,0.7322556,0.029791124,0.0008577417,neutral,-0.208162166,0.0008577417,0.7322556,0.7322556,0.49430231
mzb3drw,LABEL_1,not sarcastic,0.025349278,0.9645528,0.010097857,0.0006149295,neutral,-0.015251421,0.0006149295,0.9645528,0.9645528,0.939203522
mzbcdeg,LABEL_1,not sarcastic,0.054875206,0.93503106,0.01009368,0.00093279954,neutral,-0.044781526,0.00093279954,0.93503106,0.93503106,0.8801558540000001
mzb3h8a,LABEL_1,not sarcastic,0.002341737,0.99264586,0.0050124205,0.00095262274,neutral,0.0026706835,0.00095262274,0.99264586,0.99264586,0.9876334395
mzbdf1z,LABEL_1,not sarcastic,0.042904433,0.94791317,0.009182347,0.000636604,neutral,-0.033722086,0.000636604,0.94791317,0.94791317,0.905008737
mzbfot3,LABEL_1,not sarcastic,0.0012297825,0.99454296,0.004227206,0.0020301994,neutral,0.0029974234999999997,0.0020301994,0.99454296,0.99454296,0.9903157539999999
mzbx501,LABEL_1,not sarcastic,0.003947272,0.9858845,0.010168238,0.015043435,neutral,0.006220966,0.015043435,0.9858845,0.9858845,0.9757162620000001
mz61m80,LABEL_1,sarcastic,0.0015347967,0.99436486,0.004100323,0.9728687,neutral (sarcastic unclear),0.0025655263000000004,0.9728687,0.99436486,0.99436486,0.9902645370000001
mz6259y,LABEL_0,not sarcastic,0.9272125,0.059562672,0.01322489,0.0009083945,neutral,-0.91398761,0.0009083945,0.9272125,0.059562672,0.867649828
mz627a3,LABEL_2,not sarcastic,0.0007998785,0.017095529,0.9821046,0.00072235224,neutral,0.9813047215,0.00072235224,0.9821046,0.017095529,0.965009071
mz62wlj,LABEL_1,not sarcastic,0.0021413316,0.9943257,0.0035330493,0.0011911988,neutral,0.0013917177,0.0011911988,0.9943257,0.9943257,0.9907926507
mz63mw0,LABEL_1,not sarcastic,0.0029245326,0.92679644,0.07027911,0.00074301363,positive (sarcastic bullish),0.0673545774,0.00074301363,0.92679644,0.92679644,0.8565173300000001
mz6285v,LABEL_1,not sarcastic,0.011567806,0.9736779,0.014754354,0.0052905646,positive,0.003186548000000001,0.0052905646,0.9736779,0.9736779,0.958923546
mzbw9ip,LABEL_0,not sarcastic,0.98674446,0.0095138345,0.0037416893,0.005229799,neutral,-0.9830027707000001,0.005229799,0.98674446,0.0095138345,0.9772306255000001
mz2tpyn,LABEL_1,sarcastic,0.001538516,0.99443686,0.004024695,0.9569838,neutral (sarcastic unclear),0.002486179,0.9569838,0.99443686,0.99443686,0.990412165
mz2w3mr,LABEL_0,not sarcastic,0.8803699,0.110314265,0.009315787,0.003574685,neutral,-0.871054113,0.003574685,0.8803699,0.110314265,0.7700556350000001
mz2wm81,LABEL_1,not sarcastic,0.0061422237,0.98353875,0.010319066,0.0010457375,neutral,0.0041768423,0.0010457375,0.98353875,0.98353875,0.973219684
mz2w7zc,LABEL_0,not sarcastic,0.95814455,0.036073763,0.005781722,0.0005883309,negative,-0.9523628279999999,0.0005883309,0.95814455,0.036073763,0.922070787
myv8iix,LABEL_1,sarcastic,0.0015443607,0.9944149,0.0040407204,0.96758157,neutral (sarcastic unclear),0.0024963597000000003,0.96758157,0.9944149,0.9944149,0.9903741796
myv9f68,LABEL_1,not sarcastic,0.009313073,0.9869925,0.003694521,0.0015187266,neutral,-0.005618552,0.0015187266,0.9869925,0.9869925,0.9776794270000001
myvz6iz,LABEL_1,sarcastic,0.0012666859,0.99565035,0.0030830395,0.9991605,neutral (sarcastic unclear),0.0018163536,0.9991605,0.99565035,0.99565035,0.9925673105
myx2u85,LABEL_1,not sarcastic,0.0018275076,0.9933368,0.0048356894,0.004657908,neutral,0.0030081818,0.004657908,0.9933368,0.9933368,0.9885011106
mzbr4jn,LABEL_2,not sarcastic,0.0009983795,0.009446637,0.989555,0.0008798979,positive,0.9885566204999999,0.0008798979,0.989555,0.009446637,0.9801083629999999
mz1ze4p,LABEL_1,not sarcastic,0.001298445,0.9961123,0.0025892511,0.0006863085,neutral,0.0012908060999999998,0.0006863085,0.9961123,0.9961123,0.9935230489
mytw2gq,LABEL_1,sarcastic,0.0015277648,0.99438643,0.0040857885,0.9712019,neutral (sarcastic unclear),0.0025580236999999994,0.9712019,0.99438643,0.99438643,0.9903006415000001
mytwgnn,LABEL_1,not sarcastic,0.0011305062,0.9961629,0.00270663,0.32163343,positive,0.0015761237999999999,0.32163343,0.9961629,0.9961629,0.9934562699999999
myu47ho,LABEL_1,not sarcastic,0.0033359088,0.9915023,0.005161831,0.0024757714,neutral,0.0018259222000000003,0.0024757714,0.9915023,0.9915023,0.9863404689999999
mytwjgl,LABEL_1,not sarcastic,0.021526791,0.79977196,0.17870124,0.0012918605,neutral (sarcastic unclear),0.15717444900000002,0.0012918605,0.79977196,0.79977196,0.62107072
myu3ti3,LABEL_1,not sarcastic,0.0017510303,0.97009414,0.028154727,0.0011060392,negative,0.0264036967,0.0011060392,0.97009414,0.97009414,0.9419394130000001
mytkwy6,LABEL_1,sarcastic,0.0015302829,0.99438053,0.004089216,0.9662683,neutral (sarcastic unclear),0.0025589331,0.9662683,0.99438053,0.99438053,0.990291314
mytlak2,LABEL_1,not sarcastic,0.21282306,0.7714388,0.015738206,0.031411156,neutral,-0.197084854,0.031411156,0.7714388,0.7714388,0.55861574
mytllof,LABEL_1,not sarcastic,0.1005918,0.72641736,0.17299084,0.00077801,neutral,0.07239904000000001,0.00077801,0.72641736,0.72641736,0.55342652
mytncd2,LABEL_1,not sarcastic,0.30265084,0.6464452,0.05090391,0.0015477315,neutral,-0.25174693,0.0015477315,0.6464452,0.6464452,0.3437943600000001
mytojsr,LABEL_1,sarcastic,0.4415071,0.5492434,0.009249542,0.99809307,neutral (sarcastic unclear),-0.432257558,0.99809307,0.5492434,0.5492434,0.10773630000000006
mytlir3,LABEL_1,not sarcastic,0.0013123613,0.9947619,0.0039257277,0.00066682306,neutral,0.0026133664,0.00066682306,0.9947619,0.9947619,0.9908361723
myttngl,LABEL_1,not sarcastic,0.0008820821,0.99445325,0.0046645924,0.0006460872,positive,0.0037825103,0.0006460872,0.99445325,0.99445325,0.9897886576
mytosho,LABEL_1,not sarcastic,0.1840804,0.80716014,0.008759443,0.001095692,positive,-0.175320957,0.001095692,0.80716014,0.80716014,0.62307974
mytjiav,LABEL_1,sarcastic,0.0015467759,0.99439704,0.0040562013,0.94584984,neutral (sarcastic unclear),0.0025094254,0.94584984,0.99439704,0.99439704,0.9903408387
mytkige,LABEL_1,not sarcastic,0.0011593169,0.9960995,0.0027412584,0.002413835,neutral,0.0015819415,0.002413835,0.9960995,0.9960995,0.9933582416000001
mytko32,LABEL_1,not sarcastic,0.14639878,0.8315798,0.022021372,0.071493596,neutral,-0.12437740800000001,0.071493596,0.8315798,0.8315798,0.6851810199999999
mytk3ez,LABEL_1,sarcastic,0.0071566766,0.67242205,0.3204213,0.9990701,neutral (sarcastic unclear),0.3132646234,0.9990701,0.67242205,0.67242205,0.35200075
mytlhm6,LABEL_0,not sarcastic,0.5901182,0.3962919,0.013589841,0.001276347,neutral,-0.576528359,0.001276347,0.5901182,0.3962919,0.19382630000000006
mytm0f3,LABEL_1,not sarcastic,0.083600484,0.7757913,0.14060816,0.0006623147,neutral,0.05700767600000001,0.0006623147,0.7757913,0.7757913,0.63518314
mytk1pv,LABEL_1,not sarcastic,0.004124946,0.9846902,0.011184832,0.009266962,neutral,0.0070598860000000005,0.009266962,0.9846902,0.9846902,0.973505368
myp634o,LABEL_1,sarcastic,0.0015265876,0.9944265,0.0040469263,0.93444496,neutral (sarcastic unclear),0.0025203387,0.93444496,0.9944265,0.9944265,0.9903795737
myp6okt,LABEL_1,not sarcastic,0.08787068,0.9004409,0.011688414,0.00090465875,neutral,-0.07618226600000001,0.00090465875,0.9004409,0.9004409,0.81257022
myp7dwh,LABEL_1,not sarcastic,0.4832344,0.5089868,0.0077788234,0.005356404,neutral,-0.4754555766,0.005356404,0.5089868,0.5089868,0.025752399999999953
myp7ch2,LABEL_1,not sarcastic,0.0026225853,0.99312085,0.004256537,0.0009216553,neutral,0.0016339517000000005,0.0009216553,0.99312085,0.99312085,0.9888643130000001
myp684d,LABEL_1,not sarcastic,0.0009672306,0.9902864,0.008746434,0.0013981368,neutral (sarcastic unclear),0.007779203400000001,0.0013981368,0.9902864,0.9902864,0.981539966
myp7iq1,LABEL_1,not sarcastic,0.0016453534,0.994934,0.0034205571,0.00048007665,neutral,0.0017752037,0.00048007665,0.994934,0.994934,0.9915134429
myple29,LABEL_1,sarcastic,0.02653376,0.9499383,0.023527935,0.9991966,neutral (sarcastic unclear),-0.003005825,0.9991966,0.9499383,0.9499383,0.92340454
myp724g,LABEL_1,not sarcastic,0.0023444234,0.99222344,0.0054320972,0.00088486855,neutral,0.0030876738000000003,0.00088486855,0.99222344,0.99222344,0.9867913427999999
myaynoa,LABEL_1,sarcastic,0.0015291503,0.9943764,0.0040944396,0.9741813,neutral (sarcastic unclear),0.0025652893,0.9741813,0.9943764,0.9943764,0.9902819604
myaz1po,LABEL_1,not sarcastic,0.0023488966,0.98907244,0.008578614,0.003060238,neutral,0.0062297174,0.003060238,0.98907244,0.98907244,0.980493826
myaz0hx,LABEL_1,not sarcastic,0.02720928,0.9129021,0.059888598,0.00091332145,neutral,0.032679318,0.00091332145,0.9129021,0.9129021,0.853013502
myb9ujp,LABEL_2,not sarcastic,0.07051371,0.12583172,0.8036546,0.0012749989,neutral,0.73314089,0.0012749989,0.8036546,0.12583172,0.67782288
myb2d0t,LABEL_1,not sarcastic,0.0013793018,0.908521,0.090099744,0.04816561,positive,0.0887204422,0.04816561,0.908521,0.908521,0.818421256
myb0emq,LABEL_1,not sarcastic,0.003947272,0.9858845,0.010168238,0.015043435,neutral,0.006220966,0.015043435,0.9858845,0.9858845,0.9757162620000001
mybicof,LABEL_1,not sarcastic,0.00091902906,0.98688644,0.012194465,0.016473204,neutral,0.01127543594,0.016473204,0.98688644,0.98688644,0.974691975
my9bv24,LABEL_1,sarcastic,0.0015526739,0.9944219,0.0040254043,0.9802044,neutral (sarcastic unclear),0.0024727304000000004,0.9802044,0.9944219,0.9944219,0.9903964957
my9codm,LABEL_1,not sarcastic,0.0011644375,0.99590945,0.0029260952,0.0011678215,neutral,0.0017616577,0.0011678215,0.99590945,0.99590945,0.9929833548
my9ksto,LABEL_1,not sarcastic,0.0144760115,0.8479083,0.13761568,0.0020556913,neutral,0.1231396685,0.0020556913,0.8479083,0.8479083,0.7102926199999999
my9fyr1,LABEL_1,not sarcastic,0.0025459945,0.99182034,0.0056337253,0.0053595356,neutral,0.0030877307999999997,0.0053595356,0.99182034,0.99182034,0.9861866147
my9dxb2,LABEL_1,not sarcastic,0.042788036,0.9363096,0.020902352,0.0007381116,neutral,-0.021885684000000002,0.0007381116,0.9363096,0.9363096,0.8935215639999999
my5315q,LABEL_1,sarcastic,0.0015370229,0.9944348,0.0040282384,0.95672196,neutral (sarcastic unclear),0.0024912155000000004,0.95672196,0.9944348,0.9944348,0.9904065616
my5fesq,LABEL_1,not sarcastic,0.013863414,0.9786285,0.0075081503,0.0012104565,neutral,-0.006355263699999999,0.0012104565,0.9786285,0.9786285,0.964765086
my87den,LABEL_1,not sarcastic,0.024035126,0.9726476,0.0033172641,0.0015931498,negative,-0.020717861900000002,0.0015931498,0.9726476,0.9726476,0.9486124739999999
my2xdu4,LABEL_1,sarcastic,0.0015490678,0.99441177,0.004039105,0.96314937,neutral (sarcastic unclear),0.0024900372000000006,0.96314937,0.99441177,0.99441177,0.990372665
my2zkws,LABEL_1,not sarcastic,0.023998499,0.9238848,0.052116744,0.0030628068,neutral,0.028118245,0.0030628068,0.9238848,0.9238848,0.871768056
my33vau,LABEL_1,not sarcastic,0.0027516612,0.9911566,0.006091779,0.008076281,neutral,0.0033401178000000004,0.008076281,0.9911566,0.9911566,0.985064821
my796mp,LABEL_2,not sarcastic,0.0072201164,0.14724018,0.8455397,0.0010071227,neutral,0.8383195836,0.0010071227,0.8455397,0.14724018,0.69829952
my30dtv,LABEL_2,not sarcastic,0.00387633,0.291257,0.70486665,0.001211671,neutral,0.7009903200000001,0.001211671,0.70486665,0.291257,0.41360965000000005
my5ca1g,LABEL_1,not sarcastic,0.0010233852,0.9960705,0.0029060128,0.0022400976,positive,0.0018826276000000002,0.0022400976,0.9960705,0.9960705,0.9931644872
mz7mzv6,LABEL_1,not sarcastic,0.019797944,0.8620852,0.11811687,0.005579637,neutral,0.098318926,0.005579637,0.8620852,0.8620852,0.74396833
mxugk7n,LABEL_1,sarcastic,0.0016137077,0.9945374,0.003848833,0.967974,neutral (sarcastic unclear),0.0022351253,0.967974,0.9945374,0.9945374,0.990688567
mxuhuf3,LABEL_1,sarcastic,0.0008050622,0.9946517,0.0045432174,0.9967789,neutral (sarcastic unclear),0.0037381551999999996,0.9967789,0.9946517,0.9946517,0.9901084826000001
mxuhb2l,LABEL_1,not sarcastic,0.0026070084,0.99414474,0.0032482347,0.0031627542,neutral,0.0006412262999999996,0.0031627542,0.99414474,0.99414474,0.9908965053
mxukrw7,LABEL_1,sarcastic,0.0023563083,0.99181163,0.0058320835,0.8094169,neutral (sarcastic unclear),0.0034757751999999996,0.8094169,0.99181163,0.99181163,0.9859795465000001
mxv3nvb,LABEL_1,not sarcastic,0.05268629,0.93328184,0.014031774,0.0021681571,neutral,-0.038654516,0.0021681571,0.93328184,0.93328184,0.88059555
mxv17lz,LABEL_1,not sarcastic,0.002069988,0.9928773,0.005052685,0.003780347,neutral,0.0029826970000000003,0.003780347,0.9928773,0.9928773,0.987824615
mxuh30l,LABEL_1,not sarcastic,0.0025314281,0.9935614,0.003907173,0.0007511617,neutral,0.0013757448999999998,0.0007511617,0.9935614,0.9935614,0.989654227
mxrqoit,LABEL_1,sarcastic,0.0015512174,0.9944569,0.0039918674,0.9532882,neutral (sarcastic unclear),0.00244065,0.9532882,0.9944569,0.9944569,0.9904650326
mxrse5r,LABEL_1,not sarcastic,0.33929506,0.6480095,0.012695446,0.0012822793,positive,-0.326599614,0.0012822793,0.6480095,0.6480095,0.30871444000000003
mxrzpsf,LABEL_2,not sarcastic,0.0023852063,0.44246334,0.5551515,0.0027616064,neutral,0.5527662937,0.0027616064,0.5551515,0.44246334,0.11268816000000004
mxruwvr,LABEL_1,not sarcastic,0.002273308,0.9939275,0.0037992622,0.010880286,neutral,0.0015259542,0.010880286,0.9939275,0.9939275,0.9901282377999999
mxrr8t2,LABEL_1,not sarcastic,0.43911514,0.5483337,0.0125512425,0.025667327,positive,-0.4265638975,0.025667327,0.5483337,0.5483337,0.10921856000000002
mxs44xa,LABEL_1,not sarcastic,0.0011170113,0.995665,0.003217996,0.00071897125,neutral (sarcastic unclear),0.0021009847,0.00071897125,0.995665,0.995665,0.9924470040000001
mxrzvkk,LABEL_1,not sarcastic,0.030492777,0.9579901,0.011517093,0.00069140084,neutral,-0.018975684,0.00069140084,0.9579901,0.9579901,0.927497323
mxmzm5p,LABEL_1,sarcastic,0.0015215985,0.9944559,0.0040226365,0.9476307,neutral (sarcastic unclear),0.002501038,0.9476307,0.9944559,0.9944559,0.9904332634999999
mxn2amu,LABEL_1,not sarcastic,0.0071205148,0.99001735,0.0028622563,0.0032486338,neutral,-0.0042582585,0.0032486338,0.99001735,0.99001735,0.9828968352
mxnln0p,LABEL_1,not sarcastic,0.0029617508,0.9872061,0.009832181,0.0010731523,neutral,0.006870430200000001,0.0010731523,0.9872061,0.9872061,0.9773739189999999
mxo4u4a,LABEL_1,not sarcastic,0.0010538549,0.9932361,0.0057099718,0.005690573,neutral,0.0046561169,0.005690573,0.9932361,0.9932361,0.9875261282
mxq2uid,LABEL_1,not sarcastic,0.0010339285,0.9953198,0.0036462564,0.00076757395,neutral,0.0026123279,0.00076757395,0.9953198,0.9953198,0.9916735435999999
mxrbdpz,LABEL_1,not sarcastic,0.0011072188,0.99566865,0.0032241193,0.020131618,neutral,0.0021169005,0.020131618,0.99566865,0.99566865,0.9924445307
mxn0qaz,LABEL_1,not sarcastic,0.0033036093,0.98141587,0.015280623,0.0035884634,neutral,0.0119770137,0.0035884634,0.98141587,0.98141587,0.966135247
my1qfjv,LABEL_1,not sarcastic,0.0021667466,0.5381252,0.459708,0.001517476,neutral,0.4575412534,0.001517476,0.5381252,0.5381252,0.07841719999999996
mxdqhtv,LABEL_1,sarcastic,0.0015423935,0.9944173,0.0040403255,0.954549,neutral (sarcastic unclear),0.0024979319999999996,0.954549,0.9944173,0.9944173,0.9903769745
mxdr10a,LABEL_1,not sarcastic,0.0040082005,0.90880233,0.08718947,0.0034933663,negative (sarcastic bearish),0.0831812695,0.0034933663,0.90880233,0.90880233,0.82161286
mxdrdus,LABEL_2,not sarcastic,0.0012710493,0.019666364,0.97906256,0.007357658,neutral,0.9777915107,0.007357658,0.97906256,0.019666364,0.959396196
mxdryft,LABEL_1,not sarcastic,0.0015303117,0.9947891,0.0036806408,0.0013964481,neutral,0.0021503291,0.0013964481,0.9947891,0.9947891,0.9911084592
mxdrdqu,LABEL_1,sarcastic,0.009271712,0.53644365,0.45428458,0.99822515,neutral (sarcastic unclear),0.445012868,0.99822515,0.53644365,0.53644365,0.08215907000000006
mxdsvpn,LABEL_1,not sarcastic,0.0018484243,0.99457884,0.003572727,0.04457152,neutral,0.0017243026999999998,0.04457152,0.99457884,0.99457884,0.991006113
mxapr11,LABEL_1,sarcastic,0.0015508512,0.99439466,0.0040544863,0.9485818,neutral (sarcastic unclear),0.0025036351,0.9485818,0.99439466,0.99439466,0.9903401736999999
mxaqhk6,LABEL_1,sarcastic,0.0628467,0.92840356,0.008749702,0.77688754,neutral (sarcastic unclear),-0.05409699800000001,0.77688754,0.92840356,0.92840356,0.86555686
mxasmjx,LABEL_1,not sarcastic,0.09307217,0.9006771,0.006250778,0.0027164177,neutral (sarcastic unclear),-0.086821392,0.0027164177,0.9006771,0.9006771,0.80760493
mxawoym,LABEL_1,not sarcastic,0.002878887,0.9941909,0.0029301748,0.0030324564,neutral,5.128779999999996e-05,0.0030324564,0.9941909,0.9941909,0.9912607252
mxay95e,LABEL_0,not sarcastic,0.6724487,0.31852934,0.009021893,0.00066732464,neutral (sarcastic unclear),-0.663426807,0.00066732464,0.6724487,0.31852934,0.35391936
mxaqm0q,LABEL_1,not sarcastic,0.0009809997,0.993863,0.005156046,0.0014306648,neutral,0.0041750463000000005,0.0014306648,0.993863,0.993863,0.9887069540000001
mxaqp3l,LABEL_1,not sarcastic,0.0016148968,0.9953727,0.0030123952,0.0013462115,neutral (sarcastic unclear),0.0013974983999999998,0.0013462115,0.9953727,0.9953727,0.9923603048
mx76qdp,LABEL_1,sarcastic,0.0015393493,0.9944101,0.004050454,0.96027464,neutral (sarcastic unclear),0.0025111047,0.96027464,0.9944101,0.9944101,0.9903596459999999
mx7ajes,LABEL_1,not sarcastic,0.0019015172,0.9912486,0.006849899,0.0007656031,neutral,0.004948381799999999,0.0007656031,0.9912486,0.9912486,0.984398701
mx3x33a,LABEL_1,sarcastic,0.0015339333,0.99439466,0.004071465,0.93502617,neutral (sarcastic unclear),0.0025375317,0.93502617,0.99439466,0.99439466,0.990323195
mx4c6sh,LABEL_1,not sarcastic,0.0036403611,0.99185055,0.0045091226,0.0015903816,neutral,0.0008687615000000002,0.0015903816,0.99185055,0.99185055,0.9873414274
mx40r2d,LABEL_1,not sarcastic,0.0047373776,0.8900977,0.10516496,0.0024140703,neutral,0.1004275824,0.0024140703,0.8900977,0.8900977,0.78493274
mx764r0,LABEL_2,not sarcastic,0.0033818802,0.030335465,0.96628267,0.00076204375,neutral,0.9629007898,0.00076204375,0.96628267,0.030335465,0.9359472050000001
mx3rwa0,LABEL_1,sarcastic,0.0016314407,0.99449277,0.0038758598,0.97357035,neutral (sarcastic unclear),0.0022444190999999997,0.97357035,0.99449277,0.99449277,0.9906169102
mx3suq9,LABEL_0,not sarcastic,0.9517552,0.037190605,0.011054081,0.0007376946,neutral,-0.940701119,0.0007376946,0.9517552,0.037190605,0.914564595
mx3sjxc,LABEL_1,not sarcastic,0.0023844051,0.9592247,0.03839094,0.0055497065,neutral,0.0360065349,0.0055497065,0.9592247,0.9592247,0.9208337600000001
mx414wj,LABEL_1,not sarcastic,0.0013225558,0.9924005,0.006276918,0.0004500409,neutral,0.0049543622,0.0004500409,0.9924005,0.9924005,0.986123582
mx3szzg,LABEL_2,sarcastic,0.0032010449,0.11155587,0.8852431,0.99797577,neutral (sarcastic unclear),0.8820420551,0.99797577,0.8852431,0.11155587,0.77368723
mx4tgkb,LABEL_0,not sarcastic,0.554729,0.43492085,0.0103502385,0.0012639018,negative (sarcastic bearish),-0.5443787615,0.0012639018,0.554729,0.43492085,0.11980815
mx3ux8f,LABEL_1,not sarcastic,0.023123128,0.90651405,0.07036285,0.0016069708,neutral,0.047239722000000005,0.0016069708,0.90651405,0.90651405,0.8361512
mx3ukay,LABEL_1,not sarcastic,0.0034923125,0.98735017,0.009157501,0.10484121,neutral,0.0056651884999999996,0.10484121,0.98735017,0.98735017,0.978192669
mx3112p,LABEL_1,sarcastic,0.0015421626,0.994369,0.0040888367,0.96382695,neutral (sarcastic unclear),0.0025466741,0.96382695,0.994369,0.994369,0.9902801632999999
mx3fapj,LABEL_2,not sarcastic,0.0055247764,0.16792999,0.8265452,0.007106024,negative,0.8210204235999999,0.007106024,0.8265452,0.16792999,0.65861521
mx3grw2,LABEL_1,not sarcastic,0.0021897473,0.993733,0.004077175,0.00084467616,neutral,0.0018874277,0.00084467616,0.993733,0.993733,0.9896558249999999
mxln4g7,LABEL_1,not sarcastic,0.00207168,0.9894996,0.00842864,0.0017561987,neutral,0.00635696,0.0017561987,0.9894996,0.9894996,0.98107096
mx2mia2,LABEL_1,sarcastic,0.0015303089,0.99444157,0.004028118,0.94772923,neutral (sarcastic unclear),0.0024978090999999997,0.94772923,0.99444157,0.99444157,0.990413452
mx2nuu0,LABEL_1,not sarcastic,0.0017648615,0.99215263,0.0060824896,0.0011875876,neutral,0.0043176281,0.0011875876,0.99215263,0.99215263,0.9860701404
mx2nnf0,LABEL_2,not sarcastic,0.0046225865,0.14374192,0.8516355,0.014409283,neutral,0.8470129135,0.014409283,0.8516355,0.14374192,0.70789358
mx2nk75,LABEL_1,not sarcastic,0.0010592609,0.9957301,0.003210627,0.00081213756,neutral,0.0021513661000000005,0.00081213756,0.9957301,0.9957301,0.992519473
mx2p0i0,LABEL_1,not sarcastic,0.0012017644,0.99412954,0.004668674,0.0013758064,neutral,0.0034669096,0.0013758064,0.99412954,0.99412954,0.9894608659999999
mx2o2uh,LABEL_1,not sarcastic,0.008447632,0.5706156,0.42093688,0.0007290043,neutral (sarcastic unclear),0.41248924800000003,0.0007290043,0.5706156,0.5706156,0.14967872
mx2xmle,LABEL_1,sarcastic,0.0012687279,0.99617565,0.0025556106,0.99145293,neutral (sarcastic unclear),0.0012868827,0.99145293,0.99617565,0.99617565,0.9936200394
mx2kgke,LABEL_1,sarcastic,0.0015233348,0.99444145,0.004035194,0.95286477,neutral (sarcastic unclear),0.0025118592,0.95286477,0.99444145,0.99444145,0.990406256
mx2la3k,LABEL_1,not sarcastic,0.0025396135,0.9916966,0.005763755,0.006539373,neutral,0.0032241414999999995,0.006539373,0.9916966,0.9916966,0.985932845
mx2t778,LABEL_1,not sarcastic,0.004886619,0.9886486,0.006464754,0.0036598255,neutral,0.0015781349999999996,0.0036598255,0.9886486,0.9886486,0.982183846
mx2qi2w,LABEL_1,not sarcastic,0.013302345,0.96859443,0.018103281,0.00072835403,neutral,0.004800935999999999,0.00072835403,0.96859443,0.96859443,0.950491149
mx2m84i,LABEL_1,sarcastic,0.011181601,0.92768556,0.06113283,0.8745008,neutral (sarcastic unclear),0.049951229,0.8745008,0.92768556,0.92768556,0.86655273
mx39m5c,LABEL_1,not sarcastic,0.0027306175,0.99149984,0.005769595,0.0073688244,neutral,0.0030389774999999997,0.0073688244,0.99149984,0.99149984,0.9857302450000001
mx2lgwx,LABEL_1,not sarcastic,0.0011883737,0.9961506,0.0026610221,0.004415026,neutral,0.0014726484,0.004415026,0.9961506,0.9961506,0.9934895779
mx2326j,LABEL_1,sarcastic,0.001524699,0.9944606,0.0040148236,0.95623195,neutral (sarcastic unclear),0.0024901246,0.95623195,0.9944606,0.9944606,0.9904457764
mx258hr,LABEL_1,not sarcastic,0.023790302,0.9476567,0.028552907,0.0010437896,neutral,0.004762605,0.0010437896,0.9476567,0.9476567,0.919103793
mx26enp,LABEL_1,not sarcastic,0.01190544,0.97964364,0.008450921,0.0016143789,neutral,-0.0034545189999999996,0.0016143789,0.97964364,0.97964364,0.9677382
mx26k5c,LABEL_1,not sarcastic,0.479364,0.5074821,0.013153857,0.0008861948,negative,-0.466210143,0.0008861948,0.5074821,0.5074821,0.028118100000000035
mx26ncf,LABEL_1,not sarcastic,0.0034372173,0.7882086,0.20835412,0.0038187802,neutral,0.20491690270000001,0.0038187802,0.7882086,0.7882086,0.5798544800000001
mx2ebdq,LABEL_1,not sarcastic,0.4416136,0.5401635,0.018222861,0.00073282485,neutral,-0.423390739,0.00073282485,0.5401635,0.5401635,0.09854990000000002
mx2fryh,LABEL_0,not sarcastic,0.9695892,0.02579139,0.004619477,0.0020289614,neutral,-0.9649697230000001,0.0020289614,0.9695892,0.02579139,0.9437978100000001
mx24qgg,LABEL_1,not sarcastic,0.009481267,0.9586971,0.03182163,0.23973255,neutral,0.022340362999999995,0.23973255,0.9586971,0.9586971,0.9268754699999999
mx1fvl9,LABEL_1,sarcastic,0.001544526,0.9944142,0.004041274,0.95174295,neutral (sarcastic unclear),0.002496748,0.95174295,0.9944142,0.9944142,0.990372926
mx2pgwz,LABEL_0,not sarcastic,0.932855,0.054963253,0.012181711,0.0014321068,neutral (sarcastic unclear),-0.920673289,0.0014321068,0.932855,0.054963253,0.877891747
mx1h9tm,LABEL_1,not sarcastic,0.007562047,0.98840255,0.0040354673,0.001496803,neutral,-0.0035265797,0.001496803,0.98840255,0.98840255,0.980840503
mx3dzam,LABEL_1,not sarcastic,0.002931118,0.98915523,0.007913627,0.001229475,neutral,0.0049825089999999995,0.001229475,0.98915523,0.98915523,0.9812416030000001
mx2xeoi,LABEL_2,not sarcastic,0.002846037,0.027650248,0.96950376,0.0023797802,neutral,0.9666577230000001,0.0023797802,0.96950376,0.027650248,0.941853512
mx6al0t,LABEL_1,not sarcastic,0.0056499275,0.99106616,0.0032839137,0.0006584561,neutral,-0.0023660137999999995,0.0006584561,0.99106616,0.99106616,0.9854162325
mx37plj,LABEL_1,not sarcastic,0.002012339,0.95724756,0.040740043,0.0015931498,positive,0.038727703999999995,0.0015931498,0.95724756,0.95724756,0.916507517
mx2oz5f,LABEL_1,sarcastic,0.0020120367,0.9799944,0.017993575,0.99863714,neutral (sarcastic unclear),0.0159815383,0.99863714,0.9799944,0.9799944,0.9620008250000001
mx16qy9,LABEL_1,sarcastic,0.0015234618,0.9943508,0.0041257576,0.94077843,neutral (sarcastic unclear),0.0026022958,0.94077843,0.9943508,0.9943508,0.9902250424
mx1cjb8,LABEL_0,not sarcastic,0.94434124,0.048954777,0.0067038704,0.0009184115,neutral,-0.9376373696,0.0009184115,0.94434124,0.048954777,0.895386463
mx1kmxw,LABEL_1,not sarcastic,0.001511123,0.99463236,0.0038564424,0.0013746839,neutral,0.0023453194,0.0013746839,0.99463236,0.99463236,0.9907759176
mx17tmi,LABEL_1,not sarcastic,0.003947272,0.9858845,0.010168238,0.015043435,neutral,0.006220966,0.015043435,0.9858845,0.9858845,0.9757162620000001
mx19bd8,LABEL_0,sarcastic,0.87607837,0.1099534,0.013968151,0.9970535,neutral (sarcastic unclear),-0.862110219,0.9970535,0.87607837,0.1099534,0.76612497
mx1g7cw,LABEL_1,not sarcastic,0.003582587,0.98413867,0.012278742,0.018746264,neutral,0.008696155,0.018746264,0.98413867,0.98413867,0.971859928
mwwr63r,LABEL_1,sarcastic,0.0016314407,0.99449277,0.0038758598,0.97357035,neutral (sarcastic unclear),0.0022444190999999997,0.97357035,0.99449277,0.99449277,0.9906169102
mwwsys1,LABEL_1,not sarcastic,0.0024101483,0.9921183,0.005471666,0.0055655,neutral,0.0030615177,0.0055655,0.9921183,0.9921183,0.986646634
mwx4l00,LABEL_0,not sarcastic,0.9793241,0.016326046,0.0043499493,0.0006911597,neutral,-0.9749741507,0.0006911597,0.9793241,0.016326046,0.962998054
mwwvl2l,LABEL_1,sarcastic,0.009874765,0.9799938,0.010131363,0.7643701,positive,0.0002565979999999985,0.7643701,0.9799938,0.9799938,0.9698624370000001
mwwxh6b,LABEL_1,not sarcastic,0.0008547785,0.9954234,0.0037218377,0.0008598344,neutral,0.0028670592,0.0008598344,0.9954234,0.9954234,0.9917015623
mwwxo5t,LABEL_1,not sarcastic,0.0068469807,0.98542285,0.007730177,0.00083701895,neutral,0.0008831963000000007,0.00083701895,0.98542285,0.98542285,0.977692673
mwkonji,LABEL_1,sarcastic,0.0015334516,0.9944337,0.004032789,0.9525606,neutral (sarcastic unclear),0.0024993374,0.9525606,0.9944337,0.9944337,0.9904009109999999
mwkqmhm,LABEL_1,not sarcastic,0.0012706108,0.99580526,0.0029240553,0.00088409736,neutral,0.0016534445000000002,0.00088409736,0.99580526,0.99580526,0.9928812047000001
mwlxt04,LABEL_2,not sarcastic,0.0026359078,0.12043167,0.8769325,0.0019071546,positive,0.8742965922,0.0019071546,0.8769325,0.12043167,0.75650083
mwl8iz3,LABEL_1,not sarcastic,0.0017404634,0.97252524,0.025734192,0.0006317137,neutral,0.0239937286,0.0006317137,0.97252524,0.97252524,0.9467910479999999
mwbug9b,LABEL_1,sarcastic,0.0015281509,0.99440765,0.004064217,0.96278036,neutral (sarcastic unclear),0.0025360661000000005,0.96278036,0.99440765,0.99440765,0.9903434329999999
mwbstcs,LABEL_1,sarcastic,0.00150437,0.9944285,0.0040672086,0.9612334,neutral (sarcastic unclear),0.0025628386,0.9612334,0.9944285,0.9944285,0.9903612914000001
mwbxciq,LABEL_1,not sarcastic,0.003947272,0.9858845,0.010168238,0.015043435,neutral,0.006220966,0.015043435,0.9858845,0.9858845,0.9757162620000001
mw93f2j,LABEL_1,sarcastic,0.0015568335,0.99440515,0.004038082,0.9644555,neutral (sarcastic unclear),0.0024812485,0.9644555,0.99440515,0.99440515,0.990367068
mw94v99,LABEL_1,not sarcastic,0.003947272,0.9858845,0.010168238,0.015043435,neutral,0.006220966,0.015043435,0.9858845,0.9858845,0.9757162620000001
mw96w4e,LABEL_1,not sarcastic,0.0028044446,0.994125,0.0030705554,0.00083843985,neutral,0.00026611080000000023,0.00083843985,0.994125,0.994125,0.9910544446
mw95wfk,LABEL_1,not sarcastic,0.0020049026,0.9928457,0.005149386,0.0007457489,neutral,0.0031444833999999997,0.0007457489,0.9928457,0.9928457,0.987696314
mw9caus,LABEL_1,sarcastic,0.008198013,0.8486404,0.14316167,0.9246234,positive (sarcastic bullish),0.134963657,0.9246234,0.8486404,0.8486404,0.7054787299999999
mw948ry,LABEL_1,not sarcastic,0.002911976,0.99117774,0.0059102615,0.0073390147,neutral,0.0029982854999999996,0.0073390147,0.99117774,0.99117774,0.9852674785000001
mw8vcsk,LABEL_1,sarcastic,0.0015544909,0.99441177,0.0040337406,0.9581243,neutral (sarcastic unclear),0.0024792497,0.9581243,0.99441177,0.99441177,0.9903780294000001
mw8vslg,LABEL_1,not sarcastic,0.0029436918,0.9906549,0.0064014816,0.0074611665,neutral,0.0034577898,0.0074611665,0.9906549,0.9906549,0.9842534184
mw8yn9k,LABEL_1,not sarcastic,0.0028778631,0.9914937,0.0056285057,0.007426074,neutral,0.0027506425999999995,0.007426074,0.9914937,0.9914937,0.9858651943000001
mw8vudx,LABEL_1,not sarcastic,0.009561139,0.9334313,0.057007484,0.24904153,neutral,0.047446345,0.24904153,0.9334313,0.9334313,0.876423816
mw8wyvh,LABEL_0,not sarcastic,0.97498655,0.019931963,0.005081516,0.0007750364,negative,-0.969905034,0.0007750364,0.97498655,0.019931963,0.955054587
mw8yj60,LABEL_1,sarcastic,0.018077558,0.9772939,0.0046285545,0.9836205,neutral (sarcastic unclear),-0.0134490035,0.9836205,0.9772939,0.9772939,0.959216342
mw98rrq,LABEL_0,sarcastic,0.97656983,0.019244485,0.004185575,0.9991763,positive (sarcastic bullish),-0.9723842549999999,0.9991763,0.97656983,0.019244485,0.957325345
mw8bumd,LABEL_1,sarcastic,0.0015170466,0.9944031,0.004079786,0.94953114,neutral (sarcastic unclear),0.0025627394,0.94953114,0.9944031,0.9944031,0.990323314
mw8cyi7,LABEL_1,not sarcastic,0.004888724,0.988192,0.00691918,0.0006251664,neutral,0.002030456,0.0006251664,0.988192,0.988192,0.9812728199999999
mw8c6i6,LABEL_1,sarcastic,0.002523533,0.9938836,0.0035928667,0.9954699,neutral (sarcastic unclear),0.0010693336999999998,0.9954699,0.9938836,0.9938836,0.9902907333
mw8vxqv,LABEL_1,not sarcastic,0.0010356202,0.994663,0.0043013613,0.00057823973,positive,0.0032657410999999996,0.00057823973,0.994663,0.994663,0.9903616386999999
mwa1uoj,LABEL_1,not sarcastic,0.0012412337,0.99501747,0.003741385,0.0010427659,positive,0.0025001512999999996,0.0010427659,0.99501747,0.99501747,0.991276085
mw88ugf,LABEL_1,sarcastic,0.0015591453,0.99450845,0.003932462,0.93030465,neutral (sarcastic unclear),0.0023733167,0.93030465,0.99450845,0.99450845,0.990575988
mw8itys,LABEL_1,not sarcastic,0.0027587966,0.9912162,0.006024956,0.00873893,neutral,0.0032661593999999995,0.00873893,0.9912162,0.9912162,0.985191244
mw98ynn,LABEL_1,sarcastic,0.0022132506,0.9627745,0.035012268,0.99831605,neutral (sarcastic unclear),0.0327990174,0.99831605,0.9627745,0.9627745,0.927762232
mw8g9o5,LABEL_1,not sarcastic,0.020838708,0.8510309,0.12813045,0.06603049,neutral,0.10729174200000001,0.06603049,0.8510309,0.8510309,0.72290045
mw89qbi,LABEL_0,not sarcastic,0.9712593,0.02203056,0.0067101587,0.0051165344,neutral,-0.9645491413,0.0051165344,0.9712593,0.02203056,0.94922874
mw88uni,LABEL_1,sarcastic,0.0016844177,0.9944745,0.0038412027,0.9327717,neutral (sarcastic unclear),0.002156785,0.9327717,0.9944745,0.9944745,0.9906332973
mw89x9n,LABEL_1,not sarcastic,0.0021568108,0.9914464,0.0063967854,0.0006341669,neutral,0.0042399746,0.0006341669,0.9914464,0.9914464,0.9850496146
mw89279,LABEL_1,not sarcastic,0.0009823255,0.9962047,0.0028130317,0.00049182895,positive,0.0018307062,0.00049182895,0.9962047,0.9962047,0.9933916683
myd28x7,LABEL_1,not sarcastic,0.0042802095,0.9887806,0.006939202,0.30568072,neutral,0.0026589925000000004,0.30568072,0.9887806,0.9887806,0.981841398
myvj3ra,LABEL_1,not sarcastic,0.003053988,0.972038,0.024908042,0.0019169106,neutral,0.021854053999999998,0.0019169106,0.972038,0.972038,0.947129958
mw85lvl,LABEL_1,sarcastic,0.0015275355,0.9943709,0.0041016154,0.9721771,neutral (sarcastic unclear),0.0025740799000000007,0.9721771,0.9943709,0.9943709,0.9902692846
mw8648x,LABEL_0,not sarcastic,0.79251176,0.18430538,0.023182895,0.0013071919,neutral,-0.769328865,0.0013071919,0.79251176,0.18430538,0.60820638
mw8ar9b,LABEL_1,not sarcastic,0.23770164,0.7471839,0.015114379,0.00058003527,neutral,-0.22258726099999998,0.00058003527,0.7471839,0.7471839,0.50948226
mw8gie7,LABEL_1,not sarcastic,0.0011088457,0.9962334,0.0026577562,0.0009981329,neutral,0.0015489104999999999,0.0009981329,0.9962334,0.9962334,0.9935756438000001
mw873pt,LABEL_1,not sarcastic,0.006706708,0.9791333,0.014160036,0.0011567587,neutral,0.007453328000000001,0.0011567587,0.9791333,0.9791333,0.9649732639999999
mw9jhid,LABEL_1,not sarcastic,0.35492355,0.60298526,0.0420912,0.00085819705,negative,-0.31283235,0.00085819705,0.60298526,0.60298526,0.24806171
mw804xu,LABEL_1,sarcastic,0.0015485482,0.99443996,0.004011476,0.95611,neutral (sarcastic unclear),0.0024629278,0.95611,0.99443996,0.99443996,0.990428484
mw80j7f,LABEL_1,not sarcastic,0.0018814182,0.99417216,0.003946428,0.00061432907,neutral,0.0020650098,0.00061432907,0.99417216,0.99417216,0.990225732
mw84shg,LABEL_1,not sarcastic,0.0029386866,0.9908468,0.0062145703,0.0059659537,neutral,0.0032758836999999996,0.0059659537,0.9908468,0.9908468,0.9846322297000001
mw81jlv,LABEL_1,not sarcastic,0.0026218402,0.99163073,0.0057474407,0.005244871,neutral,0.0031256005000000003,0.005244871,0.99163073,0.99163073,0.9858832893
mw81u20,LABEL_1,not sarcastic,0.0022451112,0.9933302,0.0044246446,0.0013074346,neutral,0.0021795334000000006,0.0013074346,0.9933302,0.9933302,0.9889055554
mw83vns,LABEL_1,not sarcastic,0.00275866,0.99146867,0.0057726935,0.011559359,neutral,0.0030140335000000003,0.011559359,0.99146867,0.99146867,0.9856959765000001
mw87hpj,LABEL_2,not sarcastic,0.0026932072,0.25190476,0.745402,0.0006030572,neutral,0.7427087928,0.0006030572,0.745402,0.25190476,0.49349724
mw7gdwl,LABEL_1,sarcastic,0.0015529157,0.9944496,0.0039973846,0.9513821,neutral (sarcastic unclear),0.0024444689,0.9513821,0.9944496,0.9944496,0.9904522154000001
mw77h4d,LABEL_1,sarcastic,0.001507695,0.9944161,0.004076287,0.9617042,neutral (sarcastic unclear),0.0025685919999999998,0.9617042,0.9944161,0.9944161,0.9903398130000001
mw77ppm,LABEL_1,not sarcastic,0.0014814112,0.9956767,0.002841938,0.0006143659,neutral,0.0013605268,0.0006143659,0.9956767,0.9956767,0.992834762
mw77yll,LABEL_1,not sarcastic,0.016611036,0.6201822,0.36320674,0.002573218,neutral,0.34659570399999995,0.002573218,0.6201822,0.6201822,0.25697546000000004
mw7atqk,LABEL_1,not sarcastic,0.0027077661,0.98036593,0.016926367,0.0013032393,neutral,0.014218600900000001,0.0013032393,0.98036593,0.98036593,0.963439563
mw77fal,LABEL_1,sarcastic,0.0015574463,0.99438584,0.004056728,0.9544883,neutral (sarcastic unclear),0.0024992816999999997,0.9544883,0.99438584,0.99438584,0.990329112
mw7i78j,LABEL_1,sarcastic,0.0028069674,0.99413294,0.0030600575,0.99910176,neutral (sarcastic unclear),0.0002530900999999997,0.99910176,0.99413294,0.99413294,0.9910728824999999
mw7l1t2,LABEL_1,not sarcastic,0.006284666,0.98722804,0.0064872736,0.0024457497,neutral,0.00020260759999999982,0.0024457497,0.98722804,0.98722804,0.9807407664
mw7xrxk,LABEL_1,not sarcastic,0.002611382,0.99137443,0.0060141967,0.0022196958,neutral,0.0034028147,0.0022196958,0.99137443,0.99137443,0.9853602333
mw7n70z,LABEL_1,sarcastic,0.019413678,0.9513111,0.029275173,0.786266,neutral (sarcastic unclear),0.009861495000000001,0.786266,0.9513111,0.9513111,0.9220359269999999
mw7nwps,LABEL_1,not sarcastic,0.0009859687,0.99547607,0.0035379902,0.0017958567,neutral,0.0025520215,0.0017958567,0.99547607,0.99547607,0.9919380798
mwalx15,LABEL_1,sarcastic,0.0032480967,0.9892631,0.0074887653,0.91009897,neutral (sarcastic unclear),0.004240668600000001,0.91009897,0.9892631,0.9892631,0.9817743347
mw72g0l,LABEL_1,sarcastic,0.0015466764,0.99443215,0.0040211426,0.971414,neutral (sarcastic unclear),0.0024744662000000003,0.971414,0.99443215,0.99443215,0.9904110074
mw72rpn,LABEL_1,not sarcastic,0.0028068854,0.9830972,0.014095841,0.0013332709,neutral,0.0112889556,0.0013332709,0.9830972,0.9830972,0.969001359
mw72ywo,LABEL_0,not sarcastic,0.5951439,0.39610046,0.008755594,0.00061101525,neutral,-0.5863883059999999,0.00061101525,0.5951439,0.39610046,0.19904343999999996
mw72sv5,LABEL_1,not sarcastic,0.00406432,0.9927959,0.0031398097,0.00055290485,neutral,-0.0009245102999999996,0.00055290485,0.9927959,0.9927959,0.9887315799999999
mw733e6,LABEL_1,not sarcastic,0.0009552031,0.9957689,0.0032758869,0.0008235305,neutral,0.0023206838,0.0008235305,0.9957689,0.9957689,0.9924930130999999
mw74htd,LABEL_0,not sarcastic,0.8790389,0.11282013,0.008141038,0.00055802177,neutral,-0.870897862,0.00055802177,0.8790389,0.11282013,0.7662187699999999
mw72fjg,LABEL_1,sarcastic,0.0015276382,0.9944614,0.0040109367,0.9430204,neutral (sarcastic unclear),0.0024832985000000003,0.9430204,0.9944614,0.9944614,0.9904504633000001
mw72rsv,LABEL_1,not sarcastic,0.0042564096,0.99000835,0.0057352255,0.00985891,neutral,0.0014788158999999995,0.00985891,0.99000835,0.99000835,0.9842731244999999
mw7d2vy,LABEL_1,sarcastic,0.20512149,0.693512,0.101366416,0.9819488,neutral (sarcastic unclear),-0.10375507399999999,0.9819488,0.693512,0.693512,0.48839051
mwabghp,LABEL_1,sarcastic,0.009011863,0.9268918,0.06409632,0.9956084,neutral (sarcastic unclear),0.055084456999999996,0.9956084,0.9268918,0.9268918,0.8627954800000001
mw71mmf,LABEL_1,sarcastic,0.0015281393,0.9944518,0.004020058,0.9591499,neutral (sarcastic unclear),0.0024919187,0.9591499,0.9944518,0.9944518,0.990431742
mw729fl,LABEL_1,not sarcastic,0.003582587,0.98413867,0.012278742,0.018746264,neutral,0.008696155,0.018746264,0.98413867,0.98413867,0.971859928
mw7lzg8,LABEL_1,not sarcastic,0.002839533,0.9909877,0.0061728014,0.01179062,neutral,0.0033332683999999996,0.01179062,0.9909877,0.9909877,0.9848148986
mw77hcj,LABEL_1,not sarcastic,0.20705572,0.783535,0.009409313,0.0008000737,neutral,-0.197646407,0.0008000737,0.783535,0.783535,0.57647928
mw7cstq,LABEL_1,not sarcastic,0.0030183268,0.991959,0.005022707,0.008209469,neutral,0.0020043802000000006,0.008209469,0.991959,0.991959,0.9869362930000001
mw70we0,LABEL_1,sarcastic,0.0015316498,0.99440974,0.0040586037,0.9588655,neutral (sarcastic unclear),0.0025269539,0.9588655,0.99440974,0.99440974,0.9903511363
mw7yu5l,LABEL_0,not sarcastic,0.93900484,0.052557435,0.008437799,0.0026022296,negative,-0.930567041,0.0026022296,0.93900484,0.052557435,0.886447405
mw720d8,LABEL_1,not sarcastic,0.013532355,0.87962216,0.106845506,0.0004230701,neutral,0.09331315100000001,0.0004230701,0.87962216,0.87962216,0.7727766540000001
mw7190n,LABEL_1,not sarcastic,0.0013156073,0.9952129,0.0034714548,0.00089143706,neutral,0.0021558475,0.00089143706,0.9952129,0.9952129,0.9917414452
mw6vs3i,LABEL_1,sarcastic,0.0015252574,0.9943922,0.0040825615,0.96210116,neutral (sarcastic unclear),0.0025573041,0.96210116,0.9943922,0.9943922,0.9903096385
mw6wy3j,LABEL_1,not sarcastic,0.0013367072,0.99414223,0.0045210845,0.0009678676,neutral,0.0031843772999999996,0.0009678676,0.99414223,0.99414223,0.9896211455
mw6xlcy,LABEL_1,not sarcastic,0.0032861033,0.9919985,0.004715415,0.06345781,neutral,0.0014293116999999998,0.06345781,0.9919985,0.9919985,0.9872830850000001
mw6w6dm,LABEL_1,not sarcastic,0.003947272,0.9858845,0.010168238,0.015043435,neutral,0.006220966,0.015043435,0.9858845,0.9858845,0.9757162620000001
mw6zpkx,LABEL_1,not sarcastic,0.0008629841,0.9948468,0.0042902213,0.0005591764,neutral,0.0034272371999999997,0.0005591764,0.9948468,0.9948468,0.9905565787
mw938jr,LABEL_1,not sarcastic,0.0029984259,0.74004966,0.25695193,0.046343558,neutral,0.2539535041,0.046343558,0.74004966,0.74004966,0.48309773000000006
mw6w2pm,LABEL_1,not sarcastic,0.049327824,0.8437739,0.10689824,0.004822121,neutral,0.057570416000000006,0.004822121,0.8437739,0.8437739,0.7368756599999999
mw6yqjv,LABEL_1,not sarcastic,0.02793088,0.90061826,0.07145087,0.0013837974,neutral,0.043519989999999995,0.0013837974,0.90061826,0.90061826,0.8291673900000001
mw6ucpc,LABEL_1,sarcastic,0.0016311269,0.9944997,0.0038691706,0.9723698,neutral (sarcastic unclear),0.0022380437,0.9723698,0.9944997,0.9944997,0.9906305294
mw6v0uf,LABEL_0,not sarcastic,0.7297455,0.2600797,0.010174761,0.0039627748,negative,-0.719570739,0.0039627748,0.7297455,0.2600797,0.4696658
mw6uqap,LABEL_1,not sarcastic,0.00091272756,0.99336064,0.0057265144,0.0022528653,neutral (sarcastic unclear),0.004813786840000001,0.0022528653,0.99336064,0.99336064,0.9876341256
mw6xoiz,LABEL_1,not sarcastic,0.0030010988,0.9876478,0.009351075,0.0021686791,neutral,0.0063499762,0.0021686791,0.9876478,0.9876478,0.978296725
mw6urd3,LABEL_1,not sarcastic,0.023123128,0.90651405,0.07036285,0.0016069708,neutral,0.047239722000000005,0.0016069708,0.90651405,0.90651405,0.8361512
mw6usi6,LABEL_1,not sarcastic,0.002543722,0.9916654,0.005790813,0.006112909,neutral,0.0032470909999999997,0.006112909,0.9916654,0.9916654,0.9858745870000001
mw6v35n,LABEL_1,not sarcastic,0.004518668,0.96935344,0.026127914,0.00063496456,neutral,0.021609246,0.00063496456,0.96935344,0.96935344,0.943225526
mw6v4nq,LABEL_1,not sarcastic,0.001531883,0.99430555,0.0041625313,0.36469582,neutral,0.0026306483000000003,0.36469582,0.99430555,0.99430555,0.9901430187
mw6w7d6,LABEL_0,not sarcastic,0.8522953,0.13526803,0.012436744,0.0018859889,neutral (sarcastic unclear),-0.839858556,0.0018859889,0.8522953,0.13526803,0.71702727
mw6tio4,LABEL_1,sarcastic,0.0015439733,0.9944301,0.004025944,0.95967287,neutral (sarcastic unclear),0.0024819707,0.95967287,0.9944301,0.9944301,0.990404156
mw6tqju,LABEL_1,not sarcastic,0.019213222,0.889697,0.09108976,0.0027903111,neutral,0.071876538,0.0027903111,0.889697,0.889697,0.7986072399999999
mw6u447,LABEL_1,not sarcastic,0.0025501954,0.9942298,0.0032199775,0.0020722146,neutral,0.0006697820999999999,0.0020722146,0.9942298,0.9942298,0.9910098225
mw6ueo5,LABEL_1,not sarcastic,0.002558707,0.9917005,0.0057407836,0.005543605,neutral,0.0031820766000000005,0.005543605,0.9917005,0.9917005,0.9859597164
mw6uv0a,LABEL_1,not sarcastic,0.0020748642,0.99322975,0.004695353,0.0052061714,neutral,0.0026204888,0.0052061714,0.99322975,0.99322975,0.988534397
mw6x6zf,LABEL_1,not sarcastic,0.40219814,0.58254737,0.015254504,0.0014867343,positive,-0.386943636,0.0014867343,0.58254737,0.58254737,0.18034923000000003
mw6wf6r,LABEL_1,not sarcastic,0.0028519845,0.99030745,0.0068406123,0.0039222348,neutral,0.0039886278,0.0039222348,0.99030745,0.99030745,0.9834668377
mw6sjtg,LABEL_1,sarcastic,0.0015257326,0.9944511,0.0040231138,0.94823027,neutral (sarcastic unclear),0.0024973812000000004,0.94823027,0.9944511,0.9944511,0.9904279862
mw6tee7,LABEL_1,sarcastic,0.0020278653,0.99182844,0.0061437283,0.9963779,neutral (sarcastic unclear),0.004115863,0.9963779,0.99182844,0.99182844,0.9856847117
mw6untz,LABEL_1,not sarcastic,0.035736676,0.9089197,0.055343688,0.0035818508,neutral,0.019607012,0.0035818508,0.9089197,0.9089197,0.853576012
mw6tt3m,LABEL_1,not sarcastic,0.0009786357,0.99597955,0.0030417026,0.0111636305,neutral,0.0020630669,0.0111636305,0.99597955,0.99597955,0.9929378474
mw6ujbo,LABEL_1,not sarcastic,0.0040040617,0.9928832,0.0031127152,0.003019245,neutral,-0.0008913465000000005,0.003019245,0.9928832,0.9928832,0.9888791383
mw6qc0h,LABEL_1,sarcastic,0.0015291282,0.99441236,0.0040585254,0.9535246,neutral (sarcastic unclear),0.0025293971999999997,0.9535246,0.99441236,0.99441236,0.9903538346
mw6qol3,LABEL_1,not sarcastic,0.0013947432,0.99217457,0.0064307107,0.00064653595,neutral,0.0050359675,0.00064653595,0.99217457,0.99217457,0.9857438593
mw6umqj,LABEL_0,sarcastic,0.9842694,0.0101857735,0.0055448795,0.71845853,neutral (sarcastic unclear),-0.9787245204999999,0.71845853,0.9842694,0.0101857735,0.9740836264999999
mw78qgd,LABEL_0,not sarcastic,0.90448916,0.0826103,0.012900566,0.0033649139,neutral,-0.891588594,0.0033649139,0.90448916,0.0826103,0.82187886
mw6uo91,LABEL_1,not sarcastic,0.000807032,0.9960575,0.0031353803,0.00064907316,positive,0.0023283483,0.00064907316,0.9960575,0.9960575,0.9929221197
mw8dq4g,LABEL_0,not sarcastic,0.5603421,0.42389455,0.015763469,0.004993281,neutral,-0.5445786309999999,0.004993281,0.5603421,0.42389455,0.13644754999999997
mw92ifr,LABEL_0,not sarcastic,0.951292,0.04206762,0.006640407,0.00069651235,positive,-0.944651593,0.00069651235,0.951292,0.04206762,0.90922438
mw6obn3,LABEL_1,sarcastic,0.0014792447,0.9946056,0.0039151455,0.9428911,neutral (sarcastic unclear),0.0024359008,0.9428911,0.9946056,0.9946056,0.9906904544999999
mw6opli,LABEL_0,not sarcastic,0.9751482,0.014328132,0.010523703,0.002126197,neutral,-0.964624497,0.002126197,0.9751482,0.014328132,0.960820068
mw6ptir,LABEL_1,not sarcastic,0.0020596136,0.985636,0.012304374,0.0021794424,neutral,0.0102447604,0.0021794424,0.985636,0.985636,0.973331626
mw6p91n,LABEL_1,not sarcastic,0.0021340894,0.9148329,0.083032966,0.0016861398,neutral,0.0808988766,0.0016861398,0.9148329,0.9148329,0.831799934
mw6s40i,LABEL_1,not sarcastic,0.0065422235,0.9892029,0.0042548287,0.29280385,neutral,-0.0022873948,0.29280385,0.9892029,0.9892029,0.9826606765
mw6t1cc,LABEL_1,not sarcastic,0.0012859487,0.99544096,0.0032730752,0.35322526,neutral,0.0019871265,0.35322526,0.99544096,0.99544096,0.9921678848000001
mzcg4ex,LABEL_1,not sarcastic,0.0016720311,0.98826075,0.010067256,0.0018329438,neutral,0.0083952249,0.0018329438,0.98826075,0.98826075,0.978193494
mw6ltd4,LABEL_1,sarcastic,0.0015050045,0.9944594,0.004035613,0.95277864,neutral (sarcastic unclear),0.0025306085000000003,0.95277864,0.9944594,0.9944594,0.990423787
mw6s1fl,LABEL_1,sarcastic,0.004003764,0.99199647,0.003999776,0.8615238,neutral (sarcastic unclear),-3.987999999999908e-06,0.8615238,0.99199647,0.99199647,0.987992706
mw6mf7b,LABEL_2,sarcastic,0.0026893353,0.13792318,0.85938746,0.9937264,neutral (sarcastic unclear),0.8566981247,0.9937264,0.85938746,0.13792318,0.72146428
mw6myre,LABEL_1,not sarcastic,0.0025688706,0.9912889,0.0061421786,0.0063984864,neutral,0.003573308,0.0063984864,0.9912889,0.9912889,0.9851467214
mw6wupc,LABEL_1,not sarcastic,0.0009330104,0.995806,0.0032609317,0.00044437146,neutral,0.0023279213000000003,0.00044437146,0.995806,0.995806,0.9925450683
mw6c8wd,LABEL_1,sarcastic,0.0015352229,0.99445456,0.0040102266,0.950016,neutral (sarcastic unclear),0.0024750036999999997,0.950016,0.99445456,0.99445456,0.9904443333999999
mw6csx3,LABEL_1,not sarcastic,0.0032646558,0.986955,0.009780349,0.002467943,neutral,0.0065156932,0.002467943,0.986955,0.986955,0.977174651
mw6nb8q,LABEL_1,not sarcastic,0.002165998,0.9917297,0.006104374,0.0044581676,neutral,0.003938376,0.0044581676,0.9917297,0.9917297,0.9856253260000001
mw6lh8j,LABEL_1,not sarcastic,0.3922442,0.574607,0.033148844,0.0012471088,neutral,-0.359095356,0.0012471088,0.574607,0.574607,0.1823628
mw6m1pb,LABEL_1,not sarcastic,0.02125951,0.97479534,0.003945094,0.016234042,positive,-0.017314416,0.016234042,0.97479534,0.97479534,0.95353583
mw6sx3c,LABEL_1,not sarcastic,0.0026261208,0.99127966,0.0060942792,0.013015025,neutral,0.0034681584000000004,0.013015025,0.99127966,0.99127966,0.9851853808
mw5rkl0,LABEL_1,sarcastic,0.0015648303,0.99447757,0.003957588,0.94382083,neutral (sarcastic unclear),0.0023927576999999995,0.94382083,0.99447757,0.99447757,0.990519982
mw5t6ex,LABEL_2,not sarcastic,0.0020953969,0.040016837,0.9578877,0.0007152038,neutral,0.9557923031,0.0007152038,0.9578877,0.040016837,0.917870863
mw64dp2,LABEL_0,not sarcastic,0.6498766,0.33875605,0.011367281,0.0033247815,neutral,-0.6385093190000001,0.0033247815,0.6498766,0.33875605,0.31112055000000005
mw6h3x6,LABEL_1,not sarcastic,0.0012696253,0.99501437,0.0037159894,0.0010475651,neutral,0.0024463641,0.0010475651,0.99501437,0.99501437,0.9912983806000001
mw7efzi,LABEL_1,sarcastic,0.0041543213,0.98201686,0.01382884,0.9565727,neutral (sarcastic unclear),0.009674518699999999,0.9565727,0.98201686,0.98201686,0.96818802
mw6g6dw,LABEL_1,not sarcastic,0.001011082,0.9959403,0.0030485985,0.0013248065,neutral,0.0020375165000000002,0.0013248065,0.9959403,0.9959403,0.9928917015
mw52m9l,LABEL_1,sarcastic,0.0017088932,0.9944349,0.0038563332,0.9428233,neutral (sarcastic unclear),0.00214744,0.9428233,0.9944349,0.9944349,0.9905785668
mw53683,LABEL_2,not sarcastic,0.015863568,0.27321687,0.7109195,0.005463385,neutral,0.695055932,0.005463385,0.7109195,0.27321687,0.43770263000000004
mw53rdb,LABEL_2,not sarcastic,0.003541506,0.108023,0.8884355,0.0006313686,neutral,0.884893994,0.0006313686,0.8884355,0.108023,0.7804125000000001
mw5ic2r,LABEL_1,not sarcastic,0.0031968392,0.9907017,0.006101446,0.0006050974,neutral,0.0029046068,0.0006050974,0.9907017,0.9907017,0.9846002540000001
mw1uvlq,LABEL_1,sarcastic,0.0015199229,0.99441284,0.0040672566,0.96205163,neutral (sarcastic unclear),0.0025473337000000004,0.96205163,0.99441284,0.99441284,0.9903455834
mw1v70c,LABEL_1,not sarcastic,0.001377415,0.99542916,0.0031934103,0.12330257,neutral,0.0018159952999999998,0.12330257,0.99542916,0.99542916,0.9922357497000001
mw1vku3,LABEL_1,not sarcastic,0.021252904,0.96864814,0.010098893,0.026353443,neutral,-0.011154011,0.026353443,0.96864814,0.96864814,0.947395236
mw1x6wb,LABEL_1,not sarcastic,0.00439065,0.9920116,0.003597688,0.00059933215,neutral,-0.0007929620000000004,0.00059933215,0.9920116,0.9920116,0.9876209499999999
mw1x33p,LABEL_1,not sarcastic,0.005154515,0.8662422,0.12860326,0.0005341091,neutral,0.123448745,0.0005341091,0.8662422,0.8662422,0.73763894
mw1vmhw,LABEL_0,sarcastic,0.81192684,0.17544337,0.012629862,0.9980427,neutral (sarcastic unclear),-0.799296978,0.9980427,0.81192684,0.17544337,0.63648347
mw25fsq,LABEL_1,not sarcastic,0.0013293689,0.99499315,0.0036774972,0.0016753067,neutral,0.0023481283,0.0016753067,0.99499315,0.99499315,0.9913156528
mw205rb,LABEL_1,not sarcastic,0.0025362403,0.9919348,0.005528965,0.0068322658,neutral,0.0029927247000000002,0.0068322658,0.9919348,0.9919348,0.986405835
mw1vq6q,LABEL_1,not sarcastic,0.005512,0.9661194,0.028368542,0.00076781906,neutral,0.022856542,0.00076781906,0.9661194,0.9661194,0.9377508579999999
mw08ddv,LABEL_1,sarcastic,0.0016314407,0.99449277,0.0038758598,0.97357035,neutral (sarcastic unclear),0.0022444190999999997,0.97357035,0.99449277,0.99449277,0.9906169102
mw08wn0,LABEL_1,not sarcastic,0.01020307,0.9862055,0.0035913524,0.0010362975,neutral,-0.0066117176,0.0010362975,0.9862055,0.9862055,0.97600243
mw2729e,LABEL_0,sarcastic,0.6830576,0.30871084,0.008231495,0.9617494,neutral (sarcastic unclear),-0.6748261050000001,0.9617494,0.6830576,0.30871084,0.37434676000000006
mw08s0d,LABEL_1,not sarcastic,0.002374252,0.99065536,0.0069703567,0.0047657955,positive,0.004596104700000001,0.0047657955,0.99065536,0.99065536,0.9836850033
mw0o91k,LABEL_1,not sarcastic,0.0016157965,0.99604553,0.0023386632,0.0013523502,neutral,0.0007228667,0.0013523502,0.99604553,0.99604553,0.9937068668
mw0azuh,LABEL_1,not sarcastic,0.0011285009,0.99468756,0.004184008,0.0011610267,neutral,0.0030555071000000003,0.0011610267,0.99468756,0.99468756,0.9905035520000001
mw0cn0w,LABEL_1,not sarcastic,0.016433666,0.9748286,0.00873774,0.0038942306,neutral,-0.007695925999999999,0.0038942306,0.9748286,0.9748286,0.9583949340000001
mw4uahf,LABEL_1,not sarcastic,0.0026618673,0.99162173,0.005716433,0.005932953,neutral,0.0030545656999999998,0.005932953,0.99162173,0.99162173,0.985905297
mvuin8w,LABEL_1,sarcastic,0.0015379279,0.99443793,0.0040242216,0.9628841,neutral (sarcastic unclear),0.0024862937,0.9628841,0.99443793,0.99443793,0.9904137084
mvul4qg,LABEL_1,not sarcastic,0.16883746,0.80328697,0.027875526,0.16045585,neutral,-0.14096193399999998,0.16045585,0.80328697,0.80328697,0.63444951
mvuj7v3,LABEL_1,sarcastic,0.0023465073,0.9878213,0.0098321065,0.9983474,neutral (sarcastic unclear),0.0074855992,0.9983474,0.9878213,0.9878213,0.9779891935
mvukkaf,LABEL_1,not sarcastic,0.0021882139,0.9881087,0.009703081,0.000923076,neutral,0.007514867100000001,0.000923076,0.9881087,0.9881087,0.978405619
mvuk10j,LABEL_1,not sarcastic,0.0033061395,0.97123563,0.02545826,0.0024722223,neutral,0.0221521205,0.0024722223,0.97123563,0.97123563,0.9457773700000001
mvukwof,LABEL_1,not sarcastic,0.089778386,0.897493,0.012728508,0.0022667083,negative,-0.077049878,0.0022667083,0.897493,0.897493,0.807714614
mvusa75,LABEL_1,not sarcastic,0.0014895607,0.99225813,0.006252229,0.0009801189,neutral,0.0047626683,0.0009801189,0.99225813,0.99225813,0.986005901
mvvoqcm,LABEL_1,not sarcastic,0.002134489,0.99407,0.0037955442,0.0032317764,neutral (sarcastic unclear),0.0016610552000000003,0.0032317764,0.99407,0.99407,0.9902744558000001
mvtez03,LABEL_1,sarcastic,0.0015574697,0.9944226,0.0040199114,0.9537179,neutral (sarcastic unclear),0.0024624417000000003,0.9537179,0.9944226,0.9944226,0.9904026886
mvth3hg,LABEL_1,sarcastic,0.004201812,0.9909395,0.004858698,0.9993843,neutral (sarcastic unclear),0.0006568859999999998,0.9993843,0.9909395,0.9909395,0.9860808019999999
mvtfel5,LABEL_1,not sarcastic,0.0017812336,0.9308295,0.06738923,0.0007953589,neutral,0.0656079964,0.0007953589,0.9308295,0.9308295,0.86344027
mvtkphp,LABEL_1,not sarcastic,0.001824941,0.99468744,0.0034876608,0.0011197932,neutral,0.0016627197999999998,0.0011197932,0.99468744,0.99468744,0.9911997792
mvtk2d4,LABEL_1,not sarcastic,0.0013709073,0.99506336,0.0035657415,0.0006796932,neutral (sarcastic unclear),0.0021948341999999997,0.0006796932,0.99506336,0.99506336,0.9914976185
mvtj8hy,LABEL_0,not sarcastic,0.5764132,0.37312388,0.050462905,0.001108444,neutral,-0.5259502949999999,0.001108444,0.5764132,0.37312388,0.20328931999999994
mvtgc0w,LABEL_1,not sarcastic,0.0015092312,0.9927938,0.005697075,0.009183232,neutral,0.0041878438,0.009183232,0.9927938,0.9927938,0.9870967249999999
mvtb4v2,LABEL_1,sarcastic,0.0015186975,0.99447095,0.0040103574,0.94109315,neutral (sarcastic unclear),0.0024916599,0.94109315,0.99447095,0.99447095,0.9904605926
mvtdrrj,LABEL_1,not sarcastic,0.0021359657,0.99407405,0.0037899858,0.019188765,neutral,0.0016540201,0.019188765,0.99407405,0.99407405,0.9902840642
mvuqaon,LABEL_1,not sarcastic,0.12787247,0.85654706,0.015580526,0.001692786,neutral,-0.11229194399999999,0.001692786,0.85654706,0.85654706,0.72867459
mvx6kcq,LABEL_1,not sarcastic,0.0012304495,0.99514127,0.003628281,0.0012328124,neutral,0.0023978315,0.0012328124,0.99514127,0.99514127,0.991512989
mvtc07x,LABEL_1,sarcastic,0.0010473966,0.99628544,0.0026671605,0.9521167,neutral (sarcastic unclear),0.0016197639000000003,0.9521167,0.99628544,0.99628544,0.9936182794999999
mvtdljm,LABEL_2,not sarcastic,0.036540076,0.34209496,0.62136495,0.0008961192,neutral,0.584824874,0.0008961192,0.62136495,0.34209496,0.27926999
mvnohlx,LABEL_1,sarcastic,0.0015341956,0.9944096,0.004056154,0.95673966,neutral (sarcastic unclear),0.0025219584000000005,0.95673966,0.9944096,0.9944096,0.990353446
mvnpcoo,LABEL_1,not sarcastic,0.0025135875,0.9917488,0.0057375547,0.008127315,neutral,0.0032239672000000004,0.008127315,0.9917488,0.9917488,0.9860112453
mvnp5ku,LABEL_1,not sarcastic,0.018257076,0.97284216,0.008900667,0.0014454685,neutral,-0.009356409000000001,0.0014454685,0.97284216,0.97284216,0.954585084
mvnoyw9,LABEL_1,not sarcastic,0.0008006182,0.99392325,0.0052761845,0.0022145696,neutral,0.004475566300000001,0.0022145696,0.99392325,0.99392325,0.9886470655
mvnpl7j,LABEL_0,not sarcastic,0.5125512,0.4776799,0.009768845,0.00075208634,positive,-0.502782355,0.00075208634,0.5125512,0.4776799,0.034871299999999994
mvnt1ma,LABEL_0,sarcastic,0.5663561,0.41254056,0.021103343,0.9991375,neutral (sarcastic unclear),-0.545252757,0.9991375,0.5663561,0.41254056,0.15381554000000003
mvnpufm,LABEL_1,not sarcastic,0.0028318004,0.99082196,0.006346266,0.0052721333,neutral,0.0035144656,0.0052721333,0.99082196,0.99082196,0.984475694
mvn65g1,LABEL_1,sarcastic,0.0015306871,0.99441516,0.0040542427,0.9712039,neutral (sarcastic unclear),0.0025235556000000004,0.9712039,0.99441516,0.99441516,0.9903609173
mvn7awk,LABEL_1,not sarcastic,0.0018699014,0.80645317,0.19167696,0.0013912919,neutral,0.1898070586,0.0013912919,0.80645317,0.80645317,0.61477621
mvn754j,LABEL_1,not sarcastic,0.017006205,0.972924,0.010069844,0.005331775,neutral,-0.006936361,0.005331775,0.972924,0.972924,0.955917795
mvn77w6,LABEL_1,not sarcastic,0.0019106135,0.99240655,0.0056828437,0.025707735,neutral,0.0037722301999999997,0.025707735,0.99240655,0.99240655,0.9867237063
mvn840y,LABEL_1,not sarcastic,0.002615249,0.9915245,0.0058601685,0.004242793,neutral,0.0032449195000000004,0.004242793,0.9915245,0.9915245,0.9856643315
mvn7l2g,LABEL_1,not sarcastic,0.0191904,0.9732044,0.0076052,0.001812249,neutral,-0.0115852,0.001812249,0.9732044,0.9732044,0.9540139999999999
mv66t6b,LABEL_1,sarcastic,0.0015449438,0.9944243,0.004030763,0.96702945,neutral (sarcastic unclear),0.0024858191999999994,0.96702945,0.9944243,0.9944243,0.990393537
mv688ze,LABEL_1,not sarcastic,0.0026672052,0.991299,0.006033785,0.005864393,neutral,0.0033665798,0.005864393,0.991299,0.991299,0.9852652150000001
mv6z83z,LABEL_1,not sarcastic,0.003582587,0.98413867,0.012278742,0.018746264,neutral,0.008696155,0.018746264,0.98413867,0.98413867,0.971859928
mv6997r,LABEL_1,not sarcastic,0.001915203,0.99113184,0.0069529167,0.0016883074,neutral,0.0050377137,0.0016883074,0.99113184,0.99113184,0.9841789233
mv6fewo,LABEL_1,not sarcastic,0.0028376454,0.99094397,0.0062184436,0.0068680663,neutral,0.0033807982,0.0068680663,0.99094397,0.99094397,0.9847255264
mv6cy90,LABEL_1,not sarcastic,0.006038277,0.9903156,0.0036461183,0.0016739514,neutral,-0.0023921587,0.0016739514,0.9903156,0.9903156,0.9842773229999999
mv6alun,LABEL_1,not sarcastic,0.0009425085,0.9946794,0.004377973,0.0011881568,neutral,0.0034354645000000002,0.0011881568,0.9946794,0.9946794,0.990301427
musx0g7,LABEL_1,sarcastic,0.0015119619,0.99449664,0.0039914553,0.9544481,neutral (sarcastic unclear),0.0024794934000000003,0.9544481,0.99449664,0.99449664,0.9905051847
muszfh4,LABEL_1,sarcastic,0.021182282,0.96818995,0.010627752,0.99913055,neutral (sarcastic unclear),-0.01055453,0.99913055,0.96818995,0.96818995,0.9470076679999999
musxa51,LABEL_1,not sarcastic,0.0013045692,0.99566406,0.0030314012,0.0011386436,neutral,0.001726832,0.0011386436,0.99566406,0.99566406,0.9926326588
musxqja,LABEL_1,not sarcastic,0.001973512,0.99274457,0.005281888,0.008393302,neutral,0.003308376,0.008393302,0.99274457,0.99274457,0.9874626820000001
musyocq,LABEL_1,not sarcastic,0.0014965453,0.9955741,0.0029293504,0.00081738905,neutral,0.0014328051,0.00081738905,0.9955741,0.9955741,0.9926447496
mut96bw,LABEL_1,not sarcastic,0.0087397415,0.986978,0.0042822454,0.0028399387,neutral,-0.0044574961000000005,0.0028399387,0.986978,0.986978,0.9782382585
musyzb5,LABEL_1,not sarcastic,0.03560056,0.8209596,0.14343986,0.005881119,neutral,0.1078393,0.005881119,0.8209596,0.8209596,0.67751974
mut138e,LABEL_2,not sarcastic,0.0023246019,0.2699426,0.7277328,0.0011811863,neutral,0.7254081981,0.0011811863,0.7277328,0.2699426,0.4577902
mut0cqi,LABEL_1,sarcastic,0.11190044,0.87925553,0.008843964,0.9978453,neutral (sarcastic unclear),-0.10305647600000001,0.9978453,0.87925553,0.87925553,0.76735509
mup8ugd,LABEL_1,sarcastic,0.001520745,0.99442035,0.0040588425,0.9653406,neutral (sarcastic unclear),0.0025380974999999997,0.9653406,0.99442035,0.99442035,0.9903615075
mupb095,LABEL_1,not sarcastic,0.0014590174,0.892828,0.10571303,0.002200698,neutral,0.1042540126,0.002200698,0.892828,0.892828,0.78711497
mupb948,LABEL_2,not sarcastic,0.0112089515,0.028879937,0.95991117,0.0016507054,neutral,0.9487022185,0.0016507054,0.95991117,0.028879937,0.931031233
mupnxqp,LABEL_1,not sarcastic,0.0010712798,0.99145,0.0074787056,0.004320132,positive (sarcastic bullish),0.0064074258,0.004320132,0.99145,0.99145,0.9839712944000001
mupz3c6,LABEL_1,not sarcastic,0.0008449667,0.9934057,0.00574927,0.015789859,neutral (sarcastic unclear),0.0049043033,0.015789859,0.9934057,0.9934057,0.9876564299999999
mupcg9g,LABEL_1,not sarcastic,0.0012760779,0.99565244,0.0030714804,0.00079123216,neutral,0.0017954025,0.00079123216,0.99565244,0.99565244,0.9925809595999999
muq41xf,LABEL_1,not sarcastic,0.0013424599,0.99428445,0.004373047,0.0013731518,neutral,0.0030305871,0.0013731518,0.99428445,0.99428445,0.989911403
mup7iy5,LABEL_1,sarcastic,0.0015041683,0.9944535,0.004042369,0.9376805,neutral (sarcastic unclear),0.0025382007,0.9376805,0.9944535,0.9944535,0.990411131
mup9gwx,LABEL_1,not sarcastic,0.00084882113,0.9957489,0.0034023053,0.015221294,negative,0.00255348417,0.015221294,0.9957489,0.9957489,0.9923465947000001
mupc6fv,LABEL_1,not sarcastic,0.0011700392,0.9962088,0.0026212435,0.0024170624,neutral,0.0014512042999999999,0.0024170624,0.9962088,0.9962088,0.9935875565
mup7oxh,LABEL_1,not sarcastic,0.014068979,0.8378728,0.14805825,0.0031750759,neutral,0.133989271,0.0031750759,0.8378728,0.8378728,0.6898145499999999
mups4ys,LABEL_1,not sarcastic,0.002648335,0.99139166,0.0059599928,0.0043734475,neutral,0.0033116578000000002,0.0043734475,0.99139166,0.99139166,0.9854316672
muq6cj8,LABEL_1,not sarcastic,0.008893475,0.9859218,0.005184761,0.001037383,neutral,-0.0037087139999999992,0.001037383,0.9859218,0.9859218,0.9770283249999999
muqpdb7,LABEL_1,not sarcastic,0.003991596,0.9852485,0.010759918,0.0017189214,neutral,0.006768322,0.0017189214,0.9852485,0.9852485,0.974488582
muo9m7v,LABEL_1,sarcastic,0.0015390073,0.9943836,0.0040773666,0.9770717,neutral (sarcastic unclear),0.0025383593,0.9770717,0.9943836,0.9943836,0.9903062334
muoa1c4,LABEL_1,not sarcastic,0.023173274,0.9685272,0.008299577,0.0012572982,negative,-0.014873697,0.0012572982,0.9685272,0.9685272,0.945353926
muohz2g,LABEL_1,not sarcastic,0.0026408692,0.99139345,0.005965716,0.004626432,neutral,0.0033248468,0.004626432,0.99139345,0.99139345,0.985427734
muobpdc,LABEL_2,sarcastic,0.0017653167,0.011106019,0.98712873,0.9987808,neutral (sarcastic unclear),0.9853634133,0.9987808,0.98712873,0.011106019,0.976022711
muoawri,LABEL_1,not sarcastic,0.008080808,0.98482,0.00709911,0.005676484,neutral,-0.0009816980000000005,0.005676484,0.98482,0.98482,0.976739192
muo9yre,LABEL_1,not sarcastic,0.002047444,0.9943786,0.003573986,0.009237262,neutral,0.001526542,0.009237262,0.9943786,0.9943786,0.990804614
muofak5,LABEL_1,not sarcastic,0.0014609458,0.9936465,0.004892504,0.0016251551,neutral,0.0034315581999999996,0.0016251551,0.9936465,0.9936465,0.988753996
muod0xw,LABEL_1,not sarcastic,0.002936668,0.9928114,0.0042519574,0.0007783908,neutral,0.0013152894,0.0007783908,0.9928114,0.9928114,0.9885594426000001
muljfqx,LABEL_1,sarcastic,0.001549821,0.9943954,0.004054794,0.963656,neutral (sarcastic unclear),0.0025049729999999997,0.963656,0.9943954,0.9943954,0.9903406060000001
muljvz1,LABEL_1,not sarcastic,0.0017730809,0.99373513,0.004491841,0.0016931607,neutral,0.0027187601,0.0016931607,0.99373513,0.99373513,0.989243289
mulkexc,LABEL_0,not sarcastic,0.7586999,0.23305765,0.008242484,0.0045207925,neutral,-0.7504574159999999,0.0045207925,0.7586999,0.23305765,0.52564225
mullh6c,LABEL_0,not sarcastic,0.9588118,0.03652448,0.0046636974,0.0008582878,neutral,-0.9541481026,0.0008582878,0.9588118,0.03652448,0.92228732
mulo4j6,LABEL_2,not sarcastic,0.02247395,0.038564906,0.9389612,0.00077852915,neutral (sarcastic unclear),0.9164872500000001,0.00077852915,0.9389612,0.038564906,0.9003962940000001
mulmr9q,LABEL_1,not sarcastic,0.0027317628,0.99121594,0.0060522766,0.0052895467,neutral,0.0033205138,0.0052895467,0.99121594,0.99121594,0.9851636634000001
mul8p1n,LABEL_1,sarcastic,0.0015160302,0.994439,0.004045048,0.9487651,neutral (sarcastic unclear),0.0025290178,0.9487651,0.994439,0.994439,0.9903939519999999
mul8u7b,LABEL_1,not sarcastic,0.46631214,0.47788262,0.05580533,0.0009362962,negative,-0.41050681,0.0009362962,0.47788262,0.47788262,0.011570479999999994
mul9z4t,LABEL_1,sarcastic,0.00227044,0.992986,0.004743523,0.9124371,neutral (sarcastic unclear),0.0024730830000000005,0.9124371,0.992986,0.992986,0.988242477
muld4d1,LABEL_1,not sarcastic,0.42140707,0.55709267,0.021500254,0.0069180317,negative,-0.399906816,0.0069180317,0.55709267,0.55709267,0.13568559999999996
mul8y8o,LABEL_1,not sarcastic,0.0012415875,0.9943709,0.004387562,0.0006779142,neutral,0.0031459745000000003,0.0006779142,0.9943709,0.9943709,0.9899833379999999
mul8zgw,LABEL_1,not sarcastic,0.0066078263,0.9650442,0.028347999,0.00077010755,neutral,0.021740172699999998,0.00077010755,0.9650442,0.9650442,0.9366962010000001
muk0af1,LABEL_1,sarcastic,0.0015593683,0.99443734,0.004003352,0.94706476,neutral (sarcastic unclear),0.0024439837,0.94706476,0.99443734,0.99443734,0.9904339879999999
muk1cvn,LABEL_1,sarcastic,0.0008967401,0.9956376,0.003465765,0.8937191,positive,0.0025690249,0.8937191,0.9956376,0.9956376,0.9921718350000001
muk35a0,LABEL_0,not sarcastic,0.84944206,0.13155875,0.018999215,0.0008574757,positive,-0.830442845,0.0008574757,0.84944206,0.13155875,0.7178833099999999
muk3okt,LABEL_1,not sarcastic,0.0078971945,0.9829418,0.009161054,0.0028100167,positive,0.0012638595000000006,0.0028100167,0.9829418,0.9829418,0.973780746
muk1mpb,LABEL_0,sarcastic,0.9789467,0.016193671,0.004859619,0.6956594,neutral (sarcastic unclear),-0.974087081,0.6956594,0.9789467,0.016193671,0.9627530289999999
mujzea4,LABEL_1,sarcastic,0.0015398939,0.9944442,0.0040158834,0.96320605,neutral (sarcastic unclear),0.0024759895,0.96320605,0.9944442,0.9944442,0.9904283166
muk28ak,LABEL_1,not sarcastic,0.002200487,0.9946601,0.0031394118,0.021274343,neutral,0.0009389248000000001,0.021274343,0.9946601,0.9946601,0.9915206882
mukv7hv,LABEL_0,not sarcastic,0.9660632,0.029197047,0.0047397404,0.0007057216,neutral,-0.9613234596,0.0007057216,0.9660632,0.029197047,0.936866153
muk1u97,LABEL_1,not sarcastic,0.0010864796,0.9952101,0.0037033798,0.0007578568,neutral,0.0026169002,0.0007578568,0.9952101,0.9952101,0.9915067202
muk495b,LABEL_0,not sarcastic,0.59136033,0.36764532,0.040994357,0.004239894,neutral,-0.550365973,0.004239894,0.59136033,0.36764532,0.22371501
mun7dfn,LABEL_1,not sarcastic,0.097609036,0.88422805,0.018162934,0.008230296,neutral,-0.07944610199999999,0.008230296,0.88422805,0.88422805,0.786619014
muk6tcb,LABEL_1,not sarcastic,0.025912464,0.88751864,0.08656891,0.019431492,neutral,0.060656446,0.019431492,0.88751864,0.88751864,0.80094973
mumsfs2,LABEL_1,not sarcastic,0.016437417,0.9769001,0.006662413,0.0008231275,neutral,-0.009775004,0.0008231275,0.9769001,0.9769001,0.960462683
mujz74i,LABEL_1,sarcastic,0.0016137077,0.9945374,0.003848833,0.967974,neutral (sarcastic unclear),0.0022351253,0.967974,0.9945374,0.9945374,0.990688567
muk0g3o,LABEL_2,sarcastic,0.0008782041,0.0062359907,0.99288577,0.99941385,positive (sarcastic bullish),0.9920075659,0.99941385,0.99288577,0.0062359907,0.9866497793
mujzhs5,LABEL_1,not sarcastic,0.024343614,0.93785495,0.037801374,0.0025759572,neutral (sarcastic unclear),0.01345776,0.0025759572,0.93785495,0.93785495,0.9000535759999999
mumdwji,LABEL_2,not sarcastic,0.0023721086,0.015694667,0.9819332,0.0041454327,neutral (sarcastic unclear),0.9795610913999999,0.0041454327,0.9819332,0.015694667,0.966238533
muk1ko8,LABEL_1,not sarcastic,0.16871047,0.74649596,0.0847936,0.0024760196,neutral,-0.08391687,0.0024760196,0.74649596,0.74649596,0.5777854899999999
mukd0ni,LABEL_1,not sarcastic,0.02269058,0.97228074,0.0050286814,0.0049095084,positive,-0.017661898599999996,0.0049095084,0.97228074,0.97228074,0.94959016
mujhjy2,LABEL_1,sarcastic,0.001545557,0.9944358,0.004018541,0.96233714,neutral (sarcastic unclear),0.0024729839999999997,0.96233714,0.9944358,0.9944358,0.990417259
mujnu6g,LABEL_1,not sarcastic,0.0007616168,0.9935806,0.005657808,0.0011900687,neutral,0.0048961912,0.0011900687,0.9935806,0.9935806,0.987922792
mujisg8,LABEL_1,sarcastic,0.02667459,0.96566755,0.007657852,0.9978009,neutral (sarcastic unclear),-0.019016738000000002,0.9978009,0.96566755,0.96566755,0.93899296
mujibgh,LABEL_1,not sarcastic,0.28049132,0.7067054,0.012803238,0.0011687886,neutral,-0.267688082,0.0011687886,0.7067054,0.7067054,0.42621408000000005
mujqyvw,LABEL_1,sarcastic,0.0018846056,0.986126,0.011989329,0.9911193,neutral (sarcastic unclear),0.0101047234,0.9911193,0.986126,0.986126,0.9741366709999999
mukjkuy,LABEL_1,not sarcastic,0.0011102026,0.9945412,0.0043486217,0.0011629727,neutral,0.0032384191000000002,0.0011629727,0.9945412,0.9945412,0.9901925783
mujps4b,LABEL_1,not sarcastic,0.23950051,0.74230456,0.018194964,0.4342965,neutral,-0.221305546,0.4342965,0.74230456,0.74230456,0.50280405
mujhr7d,LABEL_1,not sarcastic,0.0011040983,0.9947443,0.0041516293,0.0008701933,neutral,0.003047531,0.0008701933,0.9947443,0.9947443,0.9905926707
muey9g8,LABEL_1,sarcastic,0.0015287909,0.9944073,0.004063826,0.9590832,neutral (sarcastic unclear),0.0025350351,0.9590832,0.9944073,0.9944073,0.990343474
muezfci,LABEL_1,not sarcastic,0.0024678772,0.9923977,0.0051343604,0.00783814,neutral,0.0026664832000000004,0.00783814,0.9923977,0.9923977,0.9872633396
mueys9m,LABEL_1,not sarcastic,0.003582587,0.98413867,0.012278742,0.018746264,neutral,0.008696155,0.018746264,0.98413867,0.98413867,0.971859928
muez5q4,LABEL_2,not sarcastic,0.003451753,0.36241072,0.6341376,0.00075499975,neutral,0.630685847,0.00075499975,0.6341376,0.36241072,0.27172687999999995
muez4k1,LABEL_0,not sarcastic,0.48250628,0.45037985,0.06711394,0.0024961699,neutral,-0.41539234,0.0024961699,0.48250628,0.45037985,0.032126429999999984
muf0vcb,LABEL_1,not sarcastic,0.0018535847,0.9950051,0.0031413168,0.009980658,negative,0.0012877321000000002,0.009980658,0.9950051,0.9950051,0.9918637832
mucama1,LABEL_1,sarcastic,0.0014975201,0.99449205,0.0040103947,0.93179494,neutral (sarcastic unclear),0.0025128746,0.93179494,0.99449205,0.99449205,0.9904816553
mucc9gj,LABEL_1,not sarcastic,0.00095723313,0.99608624,0.0029565722,0.0020577172,positive,0.00199933907,0.0020577172,0.99608624,0.99608624,0.9931296678
mucca6p,LABEL_1,not sarcastic,0.0023140563,0.5234096,0.47427633,0.0018160318,positive,0.47196227370000005,0.0018160318,0.5234096,0.5234096,0.04913327000000001
muclawd,LABEL_1,not sarcastic,0.0045191958,0.9924176,0.0030633209,0.0009594195,neutral,-0.0014558749000000005,0.0009594195,0.9924176,0.9924176,0.9878984042
muckde3,LABEL_1,not sarcastic,0.0025802413,0.99461573,0.0028040137,0.000579356,neutral,0.00022377239999999982,0.000579356,0.99461573,0.99461573,0.9918117163
mudqw3n,LABEL_0,not sarcastic,0.87823963,0.11365698,0.008103347,0.0012132637,positive,-0.870136283,0.0012132637,0.87823963,0.11365698,0.76458265
mucef31,LABEL_1,not sarcastic,0.0029131577,0.9876604,0.009426393,0.0027175727,neutral,0.0065132353,0.0027175727,0.9876604,0.9876604,0.978234007
mucam10,LABEL_1,not sarcastic,0.0020545209,0.9952668,0.002678632,0.0013399847,neutral,0.0006241110999999997,0.0013399847,0.9952668,0.9952668,0.992588168
mu2s3oq,LABEL_1,sarcastic,0.0015228799,0.99441814,0.004058921,0.96073407,neutral (sarcastic unclear),0.0025360410999999998,0.96073407,0.99441814,0.99441814,0.9903592189999999
mu2u3qw,LABEL_1,sarcastic,0.08873708,0.8928177,0.018445205,0.9993692,neutral (sarcastic unclear),-0.070291875,0.9993692,0.8928177,0.8928177,0.80408062
mu2sosz,LABEL_1,sarcastic,0.0024194024,0.8176487,0.17993183,0.98777825,neutral (sarcastic unclear),0.1775124276,0.98777825,0.8176487,0.8176487,0.63771687
mu2tfai,LABEL_1,sarcastic,0.06318715,0.92759806,0.009214777,0.99808925,neutral (sarcastic unclear),-0.053972373,0.99808925,0.92759806,0.92759806,0.86441091
mu2viaj,LABEL_1,not sarcastic,0.0015889974,0.9947207,0.003690283,0.001009146,neutral,0.0021012856,0.001009146,0.9947207,0.9947207,0.991030417
mu2ufa7,LABEL_1,not sarcastic,0.00089739234,0.96102273,0.038079906,0.00064625684,neutral,0.03718251366,0.00064625684,0.96102273,0.96102273,0.922942824
mu2zgvu,LABEL_1,not sarcastic,0.003481419,0.96013933,0.036379218,0.0022965,neutral,0.032897799,0.0022965,0.96013933,0.96013933,0.923760112
mu1fkn3,LABEL_1,sarcastic,0.001561705,0.99439853,0.0040397714,0.96468526,neutral (sarcastic unclear),0.0024780664000000003,0.96468526,0.99439853,0.99439853,0.9903587586
mu1gqus,LABEL_1,not sarcastic,0.0038236848,0.9931566,0.0030197024,0.0015978212,neutral,-0.0008039824000000001,0.0015978212,0.9931566,0.9931566,0.9893329152
mu1pqg1,LABEL_0,not sarcastic,0.9525083,0.041899633,0.0055920784,0.13482013,negative,-0.9469162216,0.13482013,0.9525083,0.041899633,0.910608667
mu1jx1x,LABEL_1,not sarcastic,0.0010763305,0.99516356,0.003760114,0.001940976,neutral,0.0026837835,0.001940976,0.99516356,0.99516356,0.991403446
mu1hkdt,LABEL_1,not sarcastic,0.0023890242,0.9928935,0.004717467,0.0068936716,neutral,0.0023284428000000003,0.0068936716,0.9928935,0.9928935,0.988176033
mu1kdtl,LABEL_0,not sarcastic,0.94226813,0.05123404,0.00649776,0.0013084387,negative,-0.93577037,0.0013084387,0.94226813,0.05123404,0.89103409
mtv9rk8,LABEL_1,sarcastic,0.0015062917,0.9945253,0.003968465,0.9534832,neutral (sarcastic unclear),0.0024621733000000003,0.9534832,0.9945253,0.9945253,0.9905568349999999
mtvzmz5,LABEL_1,not sarcastic,0.0009818469,0.99542135,0.0035968097,0.0017968692,neutral (sarcastic unclear),0.0026149628,0.0017968692,0.99542135,0.99542135,0.9918245403
mtvb7nf,LABEL_1,not sarcastic,0.16459998,0.82835615,0.0070438334,0.0022692387,neutral,-0.1575561466,0.0022692387,0.82835615,0.82835615,0.66375617
mtwl4zp,LABEL_0,not sarcastic,0.61144656,0.37808233,0.010471156,0.00068432366,neutral,-0.6009754039999999,0.00068432366,0.61144656,0.37808233,0.23336422999999995
mtvh8py,LABEL_0,not sarcastic,0.89709806,0.0903872,0.012514731,0.043723777,neutral,-0.884583329,0.043723777,0.89709806,0.0903872,0.80671086
mtvgkjh,LABEL_2,not sarcastic,0.0014279728,0.021180721,0.97739124,0.014212908,neutral,0.9759632672,0.014212908,0.97739124,0.021180721,0.956210519
mtvaovg,LABEL_1,not sarcastic,0.014083815,0.878369,0.10754732,0.0039754766,positive,0.093463505,0.0039754766,0.878369,0.878369,0.77082168
mtu7wc6,LABEL_1,sarcastic,0.0015688022,0.9943895,0.0040418115,0.9738849,neutral (sarcastic unclear),0.0024730092999999996,0.9738849,0.9943895,0.9943895,0.9903476885
mtua28m,LABEL_1,not sarcastic,0.001958664,0.99278307,0.005258249,0.007898671,neutral,0.0032995850000000003,0.007898671,0.99278307,0.99278307,0.9875248209999999
mtugrre,LABEL_1,not sarcastic,0.0012682928,0.92529523,0.073436454,0.02121655,neutral,0.0721681612,0.02121655,0.92529523,0.92529523,0.851858776
mtuw8qw,LABEL_1,not sarcastic,0.00107828,0.9951208,0.003800778,0.0008916342,neutral,0.002722498,0.0008916342,0.9951208,0.9951208,0.991320022
mtjmt9z,LABEL_1,sarcastic,0.0015425553,0.9944078,0.004049597,0.9691254,neutral (sarcastic unclear),0.0025070417000000005,0.9691254,0.9944078,0.9944078,0.990358203
mtjnwid,LABEL_1,not sarcastic,0.003787766,0.928159,0.068053335,0.0009493808,neutral,0.06426556900000001,0.0009493808,0.928159,0.928159,0.860105665
mtk1v16,LABEL_1,sarcastic,0.005812193,0.9879903,0.0061974907,0.999331,neutral (sarcastic unclear),0.00038529769999999953,0.999331,0.9879903,0.9879903,0.9817928093
mtnfoa2,LABEL_0,not sarcastic,0.64636934,0.339327,0.014303609,0.08756579,neutral,-0.632065731,0.08756579,0.64636934,0.339327,0.30704234
mtj8oji,LABEL_1,sarcastic,0.0015255071,0.9944635,0.004010974,0.95882845,neutral (sarcastic unclear),0.0024854668999999994,0.95882845,0.9944635,0.9944635,0.990452526
mtjnhgf,LABEL_1,not sarcastic,0.0011106891,0.9956131,0.003276218,0.0027490335,neutral,0.0021655288999999998,0.0027490335,0.9956131,0.9956131,0.992336882
mtjxdxe,LABEL_2,not sarcastic,0.002586385,0.13521813,0.86219543,0.00044063147,neutral,0.859609045,0.00044063147,0.86219543,0.13521813,0.7269772999999999
mtm286v,LABEL_1,not sarcastic,0.0017825774,0.99255836,0.0056591225,0.015459388,neutral,0.0038765451,0.015459388,0.99255836,0.99255836,0.9868992375
mtma3jn,LABEL_2,not sarcastic,0.0014296368,0.00854656,0.9900238,0.0017481153,neutral,0.9885941632,0.0017481153,0.9900238,0.00854656,0.98147724
mtfds36,LABEL_1,sarcastic,0.00153736,0.9943988,0.0040637874,0.96099013,neutral (sarcastic unclear),0.0025264274000000005,0.96099013,0.9943988,0.9943988,0.9903350126
mtfkgt5,LABEL_0,sarcastic,0.9498199,0.041788887,0.008391193,0.99933845,neutral (sarcastic unclear),-0.941428707,0.99933845,0.9498199,0.041788887,0.908031013
mtfjy1g,LABEL_1,not sarcastic,0.009642585,0.98532087,0.0050365785,0.0007447873,neutral,-0.004606006500000001,0.0007447873,0.98532087,0.98532087,0.975678285
mtfebx0,LABEL_1,not sarcastic,0.0033933718,0.9921394,0.0044672764,0.00085565314,positive,0.0010739046000000003,0.00085565314,0.9921394,0.9921394,0.9876721236
mtffd1b,LABEL_1,not sarcastic,0.014205074,0.9827995,0.002995514,0.0024084526,neutral,-0.01120956,0.0024084526,0.9827995,0.9827995,0.968594426
mtfeki9,LABEL_1,not sarcastic,0.055135243,0.93638647,0.008478341,0.00092759356,neutral,-0.046656902,0.00092759356,0.93638647,0.93638647,0.8812512269999999
mtffn43,LABEL_1,not sarcastic,0.0012271965,0.97346014,0.025312632,0.00046937948,positive,0.024085435500000002,0.00046937948,0.97346014,0.97346014,0.948147508
mtc4itm,LABEL_1,sarcastic,0.001524096,0.99449253,0.003983425,0.944147,neutral (sarcastic unclear),0.0024593289999999997,0.944147,0.99449253,0.99449253,0.990509105
mtc4xgp,LABEL_1,not sarcastic,0.21355128,0.7649059,0.021542707,0.0015284292,neutral,-0.19200857300000002,0.0015284292,0.7649059,0.7649059,0.55135462
mtc4sl0,LABEL_1,not sarcastic,0.20746754,0.7657762,0.026756179,0.0008070724,neutral,-0.18071136100000001,0.0008070724,0.7657762,0.7657762,0.55830866
mtc5f0p,LABEL_0,not sarcastic,0.48632526,0.4745252,0.039149426,0.0019950774,neutral,-0.447175834,0.0019950774,0.48632526,0.4745252,0.011800060000000001
mtc5hhl,LABEL_1,sarcastic,0.18151818,0.79330426,0.02517754,0.93410933,neutral (sarcastic unclear),-0.15634064,0.93410933,0.79330426,0.79330426,0.61178608
mtcdf1p,LABEL_1,not sarcastic,0.003775465,0.98912245,0.007102144,0.30279106,negative,0.0033266790000000004,0.30279106,0.98912245,0.98912245,0.982020306
mtc4rsh,LABEL_1,not sarcastic,0.0012410637,0.99361116,0.0051477687,0.0015381055,neutral,0.003906705,0.0015381055,0.99361116,0.99361116,0.9884633913
mtamxiy,LABEL_1,sarcastic,0.0015383739,0.99442047,0.0040412014,0.9533262,neutral (sarcastic unclear),0.0025028274999999997,0.9533262,0.99442047,0.99442047,0.9903792686
mtaqyi0,LABEL_1,sarcastic,0.0063156243,0.97368866,0.01999572,0.99912316,neutral (sarcastic unclear),0.013680095700000002,0.99912316,0.97368866,0.97368866,0.9536929399999999
mtarnxq,LABEL_1,not sarcastic,0.00097261945,0.99572206,0.0033052429,0.0008464238,neutral,0.00233262345,0.0008464238,0.99572206,0.99572206,0.9924168171
mt3jm2p,LABEL_1,sarcastic,0.0015180872,0.9944317,0.0040502716,0.9559246,neutral (sarcastic unclear),0.0025321843999999995,0.9559246,0.9944317,0.9944317,0.9903814284
mt3jqnv,LABEL_0,not sarcastic,0.8559635,0.13717836,0.006858099,0.0017701724,positive,-0.849105401,0.0017701724,0.8559635,0.13717836,0.71878514
mt3kvnm,LABEL_1,not sarcastic,0.0007545031,0.99120516,0.008040401,0.0008253401,positive,0.007285897900000001,0.0008253401,0.99120516,0.99120516,0.983164759
mt3jx9e,LABEL_1,not sarcastic,0.2717707,0.7193311,0.008898314,0.0014393944,negative,-0.26287238599999996,0.0014393944,0.7193311,0.7193311,0.4475604
mt3kroe,LABEL_1,not sarcastic,0.0013817558,0.99545467,0.0031635226,0.0012143297,negative,0.0017817668,0.0012143297,0.99545467,0.99545467,0.9922911474
mt3khht,LABEL_1,sarcastic,0.0017819039,0.99462575,0.0035923433,0.99945825,neutral (sarcastic unclear),0.0018104394000000002,0.99945825,0.99462575,0.99462575,0.9910334067
mt3mpk1,LABEL_1,sarcastic,0.0017635098,0.9933476,0.004888992,0.99951017,neutral (sarcastic unclear),0.0031254822,0.99951017,0.9933476,0.9933476,0.988458608
msxsmp5,LABEL_1,sarcastic,0.0015299425,0.9944007,0.0040693916,0.96943,neutral (sarcastic unclear),0.0025394490999999996,0.96943,0.9944007,0.9944007,0.9903313084
msxv12c,LABEL_1,not sarcastic,0.0011551587,0.9959663,0.0028785835,0.0008276272,neutral,0.0017234248,0.0008276272,0.9959663,0.9959663,0.9930877164999999
msxsvzm,LABEL_1,not sarcastic,0.0013170361,0.9953668,0.0033161065,0.0047094696,positive (sarcastic bullish),0.0019990703999999996,0.0047094696,0.9953668,0.9953668,0.9920506935
msxxpft,LABEL_1,not sarcastic,0.0027966453,0.9943547,0.002848621,0.0005930917,neutral,5.1975699999999916e-05,0.0005930917,0.9943547,0.9943547,0.991506079
msyt8r4,LABEL_1,not sarcastic,0.0035908113,0.95217973,0.044229496,0.0016696665,neutral,0.0406386847,0.0016696665,0.95217973,0.95217973,0.907950234
msxt91o,LABEL_0,not sarcastic,0.983487,0.012362087,0.004150932,0.00061269995,neutral,-0.979336068,0.00061269995,0.983487,0.012362087,0.971124913
msng3fp,LABEL_1,sarcastic,0.0015221483,0.99441916,0.0040587625,0.95013714,neutral (sarcastic unclear),0.0025366142000000005,0.95013714,0.99441916,0.99441916,0.9903603974999999
msngof0,LABEL_1,not sarcastic,0.0027413818,0.9913986,0.0058600553,0.012205694,neutral,0.0031186735,0.012205694,0.9913986,0.9913986,0.9855385447
msnkka8,LABEL_1,not sarcastic,0.00843895,0.9820061,0.009555004,0.0010452752,neutral,0.001116054,0.0010452752,0.9820061,0.9820061,0.972451096
mso31du,LABEL_1,not sarcastic,0.0012376378,0.9723698,0.026392557,0.17260803,neutral,0.0251549192,0.17260803,0.9723698,0.9723698,0.945977243
msngtat,LABEL_1,not sarcastic,0.030321041,0.8958493,0.07382974,0.003360326,neutral,0.043508699000000005,0.003360326,0.8958493,0.8958493,0.82201956
msnzdtc,LABEL_1,not sarcastic,0.0027991063,0.9912788,0.00592209,0.0064345105,neutral,0.0031229836999999996,0.0064345105,0.9912788,0.9912788,0.98535671
msnl3py,LABEL_2,not sarcastic,0.007945964,0.11661347,0.87544054,0.0038679834,neutral,0.867494576,0.0038679834,0.87544054,0.11661347,0.75882707
msnl5u4,LABEL_1,not sarcastic,0.0020271456,0.9913932,0.006579654,0.0052214237,neutral,0.0045525084,0.0052214237,0.9913932,0.9913932,0.9848135459999999
msai9yh,LABEL_1,sarcastic,0.0015436909,0.99442977,0.0040264633,0.96252525,neutral (sarcastic unclear),0.0024827723999999995,0.96252525,0.99442977,0.99442977,0.9904033067
msaip91,LABEL_0,not sarcastic,0.7849536,0.20804933,0.0069971685,0.0009020929,negative,-0.7779564315,0.0009020929,0.7849536,0.20804933,0.57690427
msamvbv,LABEL_1,not sarcastic,0.0029880155,0.9911221,0.005889846,0.010347852,neutral,0.0029018305,0.010347852,0.9911221,0.9911221,0.985232254
msaimn8,LABEL_1,not sarcastic,0.0020204422,0.99145585,0.006523697,0.0053435676,neutral,0.0045032548,0.0053435676,0.99145585,0.99145585,0.984932153
msaj3l3,LABEL_1,not sarcastic,0.0014183893,0.9944014,0.004180244,0.0020961673,neutral,0.0027618546999999996,0.0020961673,0.9944014,0.9944014,0.990221156
msaqce2,LABEL_1,not sarcastic,0.0028040565,0.99144125,0.0057547414,0.020840364,neutral,0.0029506849,0.020840364,0.99144125,0.99144125,0.9856865086000001
msbl4fm,LABEL_1,not sarcastic,0.0019144946,0.99398583,0.004099714,0.0006518606,neutral,0.0021852193999999997,0.0006518606,0.99398583,0.99398583,0.989886116
ms7uui5,LABEL_1,sarcastic,0.0015423697,0.99439585,0.0040618246,0.96983993,neutral (sarcastic unclear),0.0025194549,0.96983993,0.99439585,0.99439585,0.9903340253999999
ms80xw9,LABEL_1,not sarcastic,0.40350747,0.5849916,0.011500934,0.0010351869,positive,-0.39200653599999996,0.0010351869,0.5849916,0.5849916,0.18148412999999997
ms7itfc,LABEL_1,sarcastic,0.001537603,0.9943843,0.0040781084,0.9706284,neutral (sarcastic unclear),0.0025405053999999995,0.9706284,0.9943843,0.9943843,0.9903061916
ms7ooj0,LABEL_1,not sarcastic,0.0024757504,0.9893209,0.00820337,0.0023031794,neutral,0.0057276196,0.0023031794,0.9893209,0.9893209,0.9811175299999999
ms7unis,LABEL_2,sarcastic,0.002400903,0.12751657,0.8700825,0.9727985,neutral (sarcastic unclear),0.867681597,0.9727985,0.8700825,0.12751657,0.74256593
ms9hd5i,LABEL_1,not sarcastic,0.0019557823,0.92662966,0.07141453,0.0023367137,neutral,0.0694587477,0.0023367137,0.92662966,0.92662966,0.85521513
ms76g51,LABEL_1,sarcastic,0.0014899902,0.99458474,0.003925232,0.9333586,neutral (sarcastic unclear),0.0024352417999999997,0.9333586,0.99458474,0.99458474,0.990659508
ms7afj7,LABEL_1,not sarcastic,0.0008537355,0.9870199,0.012126301,0.0071228077,neutral,0.011272565500000001,0.0071228077,0.9870199,0.9870199,0.9748935989999999
ms7iamh,LABEL_1,not sarcastic,0.3580909,0.61950713,0.022401964,0.0010996435,neutral,-0.335688936,0.0010996435,0.61950713,0.61950713,0.26141623
ms7d084,LABEL_1,not sarcastic,0.0014216091,0.99549735,0.0030810377,0.0023701817,neutral,0.0016594285999999999,0.0023701817,0.99549735,0.99549735,0.9924163122999999
ms85wdq,LABEL_1,not sarcastic,0.40924326,0.5826853,0.008071501,0.0005890592,neutral,-0.401171759,0.0005890592,0.5826853,0.5826853,0.17344203999999996
ms5levw,LABEL_1,sarcastic,0.001520745,0.99442035,0.0040588425,0.9653406,neutral (sarcastic unclear),0.0025380974999999997,0.9653406,0.99442035,0.99442035,0.9903615075
ms5pwz4,LABEL_2,not sarcastic,0.0049980083,0.06434397,0.93065804,0.006552003,positive,0.9256600317,0.006552003,0.93065804,0.06434397,0.8663140699999999
ms5pr7d,LABEL_0,not sarcastic,0.9254282,0.06659179,0.00798001,0.004916003,neutral,-0.91744819,0.004916003,0.9254282,0.06659179,0.85883641
ms5ra1z,LABEL_2,not sarcastic,0.00086002075,0.01618192,0.982958,0.0005933026,negative,0.98209797925,0.0005933026,0.982958,0.01618192,0.96677608
ms56szf,LABEL_1,sarcastic,0.0016249666,0.99451184,0.0038631987,0.9728908,neutral (sarcastic unclear),0.0022382320999999998,0.9728908,0.99451184,0.99451184,0.9906486413000001
ms587bp,LABEL_0,not sarcastic,0.73378664,0.23364434,0.032569002,0.0075760502,neutral,-0.701217638,0.0075760502,0.73378664,0.23364434,0.5001423
ms5bg5h,LABEL_1,not sarcastic,0.004265916,0.9907114,0.0050226464,0.0009660619,neutral,0.0007567303999999999,0.0009660619,0.9907114,0.9907114,0.9856887536
ms5gq1u,LABEL_1,not sarcastic,0.0010449181,0.9938747,0.005080414,0.0008347116,neutral,0.0040354959,0.0008347116,0.9938747,0.9938747,0.988794286
ms5ct3s,LABEL_2,sarcastic,0.0024054165,0.07947563,0.91811895,0.92368025,neutral (sarcastic unclear),0.9157135335,0.92368025,0.91811895,0.07947563,0.83864332
ms5pc4u,LABEL_1,not sarcastic,0.0027061917,0.99466276,0.0026310622,0.0010444277,neutral,-7.51294999999999e-05,0.0010444277,0.99466276,0.99466276,0.9919565683
ms5m7hi,LABEL_1,not sarcastic,0.0052161636,0.9911349,0.0036489188,0.0019736954,neutral,-0.0015672448000000005,0.0019736954,0.9911349,0.9911349,0.9859187364
ms6a1r5,LABEL_0,not sarcastic,0.81254727,0.17366338,0.013789347,0.00082786934,neutral (sarcastic unclear),-0.798757923,0.00082786934,0.81254727,0.17366338,0.63888389
ms6xexm,LABEL_1,not sarcastic,0.0060293665,0.98246187,0.01150879,0.0013151942,neutral,0.0054794234999999995,0.0013151942,0.98246187,0.98246187,0.9709530799999999
ms3kv8s,LABEL_1,sarcastic,0.0015379201,0.9944224,0.0040397006,0.9535284,neutral (sarcastic unclear),0.0025017804999999996,0.9535284,0.9944224,0.9944224,0.9903826994
ms3s141,LABEL_1,not sarcastic,0.002660171,0.9929636,0.0043762913,0.001103448,neutral,0.0017161203,0.001103448,0.9929636,0.9929636,0.9885873087
ms4tdap,LABEL_1,not sarcastic,0.12065673,0.87158084,0.0077623683,0.030831581,neutral,-0.1128943617,0.030831581,0.87158084,0.87158084,0.75092411
ms4wpek,LABEL_1,not sarcastic,0.085296534,0.89915824,0.015545168,0.0013616463,neutral,-0.069751366,0.0013616463,0.89915824,0.89915824,0.813861706
ms4k3ns,LABEL_1,not sarcastic,0.0012053233,0.92554134,0.073253326,0.0084652165,positive,0.07204800269999999,0.0084652165,0.92554134,0.92554134,0.852288014
ms5m65w,LABEL_1,not sarcastic,0.002134853,0.99180764,0.006057562,0.010753353,negative,0.003922709,0.010753353,0.99180764,0.99180764,0.985750078
ms7axku,LABEL_1,not sarcastic,0.004419124,0.9915569,0.0040240134,0.0007785711,negative,-0.00039511059999999994,0.0007785711,0.9915569,0.9915569,0.987137776
ms3m3zz,LABEL_0,not sarcastic,0.78925866,0.20291105,0.007830285,0.0008421755,positive,-0.781428375,0.0008421755,0.78925866,0.20291105,0.58634761
ms3scrr,LABEL_1,not sarcastic,0.12970586,0.8568115,0.013482648,0.0009234506,neutral,-0.116223212,0.0009234506,0.8568115,0.8568115,0.72710564
ms02l0s,LABEL_1,sarcastic,0.0016336399,0.99449134,0.003874967,0.973308,neutral (sarcastic unclear),0.0022413271,0.973308,0.99449134,0.99449134,0.9906163729999999
